Item Number,Item Name,Item Start Column,Item Length,Item Section,Record Types,Source of Standard,Element Name,Parent Element,Regex Validation,Data Type
10,recordType,1,1,Record ID,"A,M,C,I",,RecordType,Patient,,
30,registryType,2,1,Record ID,"A,M,C,I",,RegistryType,Patient,,
50,naaccrRecordVersion,17,3,Record ID,"A,M,C,I",,NaaccrRecordVersion,Patient,,
45,registryIdNpi,20,10,Record ID,"A,M,C,I",,RegistryIdNpi,Patient,,
40,registryId,30,10,Record ID,"A,M,C,I",,RegistryId,Patient,,
60,tumorRecordNumber,40,2,Record ID,"A,M,C,I",,TumorRecordNumber,Patient,,
20,patientIdNumber,42,8,Record ID,"A,M,C,I",,PatientIdNumber,Patient,,
21,patientSysIdHospital,50,8,Record ID,"A,M,C,I",,PatientSysIdHospital,Patient,,
70,addressAtDxCity,95,50,Demographic,"A,M,C,I",,AddressAtDxCity,Patient,,
80,addressAtDxState,145,2,Demographic,"A,M,C,I",,AddressAtDxState,Patient,,
100,addressAtDxPostalCode,147,9,Demographic,"A,M,C,I",,AddressAtDxPostalCode,Patient,,
90,addressAtDxCounty,156,3,Demographic,"A,M,C,I",,AddressAtDxCounty,Patient,,
110,censusTract708090,159,6,Demographic,"A,M,C,I",,CensusTract708090,Patient,,
368,censusBlockGroup708090,165,1,Demographic,"A,M,C,I",,CensusBlockGroup708090,Patient,,
120,censusCodingSys708090,166,1,Demographic,"A,M,C,I",,CensusCodingSys708090,Patient,,
364,censusCertainty708090,167,1,Demographic,"A,M,C,I",,CensusCertainty708090,Patient,,
130,censusTract2000,168,6,Demographic,"A,M,C,I",,CensusTract2000,Patient,,
362,censusBlockGroup2000,174,1,Demographic,"A,M,C,I",,CensusBlockGroup2000,Patient,,
365,censusCertainty2000,175,1,Demographic,"A,M,C,I",,CensusCertainty2000,Patient,,
150,maritalStatusAtDx,176,1,Demographic,"A,M,C,I",,MaritalStatusAtDx,Patient,,
160,race1,177,2,Demographic,"A,M,C,I",,Race1,Patient,,
161,race2,179,2,Demographic,"A,M,C,I",,Race2,Patient,,
162,race3,181,2,Demographic,"A,M,C,I",,Race3,Patient,,
163,race4,183,2,Demographic,"A,M,C,I",,Race4,Patient,,
164,race5,185,2,Demographic,"A,M,C,I",,Race5,Patient,,
170,raceCodingSysCurrent,187,1,Demographic,"A,M,C,I",,RaceCodingSysCurrent,Patient,,
180,raceCodingSysOriginal,188,1,Demographic,"A,M,C,I",,RaceCodingSysOriginal,Patient,,
190,spanishHispanicOrigin,189,1,Demographic,"A,M,C,I",,SpanishHispanicOrigin,Patient,,
200,computedEthnicity,190,1,Demographic,"A,M,C,I",,ComputedEthnicity,Patient,,
210,computedEthnicitySource,191,1,Demographic,"A,M,C,I",,ComputedEthnicitySource,Patient,,
220,sex,192,1,Demographic,"A,M,C,I",,Sex,Patient,,
230,ageAtDx,193,3,Demographic,"A,M,C,I",,AgeAtDx,Patient,,
240,birthDate,196,8,Demographic,"A,M,C,I",,BirthDate,Patient,,
241,birthDateFlag,204,2,Demographic,"A,M,C,I",,BirthDateFlag,Patient,,
250,birthPlace,206,3,Demographic,"A,M,C,I",,BirthPlace,Patient,,
270,occupationCodeCensus,209,3,Demographic,"A,M,C,I",,OccupationCodeCensus,Patient,,
280,industryCodeCensus,212,3,Demographic,"A,M,C,I",,IndustryCodeCensus,Patient,,
290,occupationSource,215,1,Demographic,"A,M,C,I",,OccupationSource,Patient,,
300,industrySource,216,1,Demographic,"A,M,C,I",,IndustrySource,Patient,,
310,textUsualOccupation,217,100,Demographic,"A,M,C,I",,TextUsualOccupation,Patient,,
320,textUsualIndustry,317,100,Demographic,"A,M,C,I",,TextUsualIndustry,Patient,,
330,occupationIndustryCodingSys,417,1,Demographic,"A,M,C,I",,OccupationIndustryCodingSys,Patient,,
191,nhia,418,1,Demographic,"A,M,C,I",,Nhia,Patient,,
193,napiia,419,2,Demographic,"A,M,C,I",,Napiia,Patient,,
192,ihs,421,1,Demographic,"A,M,C,I",,Ihs,Patient,,
366,gisQuality,422,2,Demographic,"A,M,C,I",,GisQuality,Patient,,
3300,ruralUrbanContinuum1993,424,2,Demographic,"A,M,C,I",,RuralUrbanContinuum1993,Patient,,
3310,ruralUrbanContinuum2003,426,2,Demographic,"A,M,C,I",,RuralUrbanContinuum2003,Patient,,
135,censusTract2010,428,6,Demographic,"A,M,C,I",,CensusTract2010,Patient,,
363,censusBlockGroup2010,434,1,Demographic,"A,M,C,I",,CensusBlockGroup2010,Patient,,
367,censusCertainty2010,435,1,Demographic,"A,M,C,I",,CensusCertainty2010,Patient,,
102,addressAtDxCountry,436,3,Demographic,"A,M,C,I",,AddressAtDxCountry,Patient,,
1832,addressCurrentCountry,439,3,Demographic,"A,M,C,I",,AddressCurrentCountry,Patient,,
252,birthplaceState,442,2,Demographic,"A,M,C,I",,BirthplaceState,Patient,,
254,birthplaceCountry,444,3,Demographic,"A,M,C,I",,BirthplaceCountry,Patient,,
1847,followupContactCountry,447,3,Demographic,"A,M,C,I",,FollowupContactCountry,Patient,,
1942,placeOfDeathState,450,2,Demographic,"A,M,C,I",,PlaceOfDeathState,Patient,,
1944,placeOfDeathCountry,452,3,Demographic,"A,M,C,I",,PlaceOfDeathCountry,Patient,,
272,censusIndCode2010,455,4,Demographic,"A,M,C,I",,CensusIndCode2010,Patient,,
282,censusOccCode2010,459,4,Demographic,"A,M,C,I",,CensusOccCode2010,Patient,,
145,censusPovertyIndictr,463,1,Demographic,"A,M,C,I",,CensusPovertyIndictr,Patient,,
380,sequenceNumberCentral,528,2,Cancer Identification,"A,M,C,I",,SequenceNumberCentral,Tumor,,
390,dateOfDiagnosis,530,8,Cancer Identification,"A,M,C,I",,DateOfDiagnosis,Tumor,,
391,dateOfDiagnosisFlag,538,2,Cancer Identification,"A,M,C,I",,DateOfDiagnosisFlag,Tumor,,
400,primarySite,540,4,Cancer Identification,"A,M,C,I",,PrimarySite,Tumor,,
410,laterality,544,1,Cancer Identification,"A,M,C,I",,Laterality,Tumor,,
420,histologyIcdO2,545,4,Cancer Identification,"A,M,C,I",,HistologyIcdO2,Tumor,,
430,behaviorIcdO2,549,1,Cancer Identification,"A,M,C,I",,BehaviorIcdO2,Tumor,,
522,histologyIcdO3,550,4,Cancer Identification,"A,M,C,I",,HistologyIcdO3,Tumor,,
523,behaviorIcdO3,554,1,Cancer Identification,"A,M,C,I",,BehaviorIcdO3,Tumor,,
440,grade,555,1,Cancer Identification,"A,M,C,I",,Grade,Tumor,,
441,gradePathValue,556,1,Cancer Identification,"A,M,C,I",,GradePathValue,Tumor,,
449,gradePathSys,557,1,Cancer Identification,"A,M,C,I",,GradePathSys,Tumor,,
450,siteCodingSysCurrent,558,1,Cancer Identification,"A,M,C,I",,SiteCodingSysCurrent,Tumor,,
460,siteCodingSysOriginal,559,1,Cancer Identification,"A,M,C,I",,SiteCodingSysOriginal,Tumor,,
470,morphCodingSysCurrent,560,1,Cancer Identification,"A,M,C,I",,MorphCodingSysCurrent,Tumor,,
480,morphCodingSysOriginal,561,1,Cancer Identification,"A,M,C,I",,MorphCodingSysOriginal,Tumor,,
490,diagnosticConfirmation,562,1,Cancer Identification,"A,M,C,I",,DiagnosticConfirmation,Tumor,,
500,typeOfReportingSource,563,1,Cancer Identification,"A,M,C,I",,TypeOfReportingSource,Tumor,,
501,casefindingSource,564,2,Cancer Identification,"A,M,C,I",,CasefindingSource,Tumor,,
442,ambiguousTerminologyDx,566,1,Cancer Identification,"A,M,C,I",,AmbiguousTerminologyDx,Tumor,,
443,dateConclusiveDx,567,8,Cancer Identification,"A,M,C,I",,DateConclusiveDx,Tumor,,
448,dateConclusiveDxFlag,575,2,Cancer Identification,"A,M,C,I",,DateConclusiveDxFlag,Tumor,,
444,multiTumorRptAsOnePrim,577,2,Cancer Identification,"A,M,C,I",,MultiTumorRptAsOnePrim,Tumor,,
445,dateOfMultipleTumors,579,8,Cancer Identification,"A,M,C,I",,DateOfMultipleTumors,Tumor,,
439,dateOfMultipleTumorsFlag,587,2,Cancer Identification,"A,M,C,I",,DateOfMultipleTumorsFlag,Tumor,,
446,multiplicityCounter,589,2,Cancer Identification,"A,M,C,I",,MultiplicityCounter,Tumor,,
545,reportingFacilityNpi,691,10,Hospital Specific,"A,M,C,I",,ReportingFacilityNpi,Tumor,,
540,reportingFacility,701,10,Hospital Specific,"A,M,C,I",,ReportingFacility,Tumor,,
3105,archiveFinNpi,711,10,Hospital Specific,"A,M,C,I",,ArchiveFinNpi,Tumor,,
3100,archiveFin,721,10,Hospital Specific,"A,M,C,I",,ArchiveFin,Tumor,,
550,accessionNumberHosp,731,9,Hospital Specific,"A,M,C,I",,AccessionNumberHosp,Tumor,,
560,sequenceNumberHosp,740,2,Hospital Specific,"A,M,C,I",,SequenceNumberHosp,Tumor,,
570,abstractedBy,742,3,Hospital Specific,"A,M,C,I",,AbstractedBy,Tumor,,
580,dateOf1stContact,745,8,Hospital Specific,"A,M,C,I",,DateOf1stContact,Tumor,,
581,dateOf1stContactFlag,753,2,Hospital Specific,"A,M,C,I",,DateOf1stContactFlag,Tumor,,
590,dateOfInptAdm,755,8,Hospital Specific,"A,M,C,I",,DateOfInptAdm,Tumor,,
591,dateOfInptAdmFlag,763,2,Hospital Specific,"A,M,C,I",,DateOfInptAdmFlag,Tumor,,
600,dateOfInptDisch,765,8,Hospital Specific,"A,M,C,I",,DateOfInptDisch,Tumor,,
601,dateOfInptDischFlag,773,2,Hospital Specific,"A,M,C,I",,DateOfInptDischFlag,Tumor,,
605,inpatientStatus,775,1,Hospital Specific,"A,M,C,I",,InpatientStatus,Tumor,,
610,classOfCase,776,2,Hospital Specific,"A,M,C,I",,ClassOfCase,Tumor,,
630,primaryPayerAtDx,778,2,Hospital Specific,"A,M,C,I",,PrimaryPayerAtDx,Tumor,,
668,rxHospSurgApp2010,781,1,Hospital Specific,"A,M,C,I",,RxHospSurgApp2010,Tumor,,
670,rxHospSurgPrimSite,782,2,Hospital Specific,"A,M,C,I",,RxHospSurgPrimSite,Tumor,,
672,rxHospScopeRegLnSur,784,1,Hospital Specific,"A,M,C,I",,RxHospScopeRegLnSur,Tumor,,
674,rxHospSurgOthRegDis,785,1,Hospital Specific,"A,M,C,I",,RxHospSurgOthRegDis,Tumor,,
676,rxHospRegLnRemoved,786,2,Hospital Specific,"A,M,C,I",,RxHospRegLnRemoved,Tumor,,
690,rxHospRadiation,789,1,Hospital Specific,"A,M,C,I",,RxHospRadiation,Tumor,,
700,rxHospChemo,790,2,Hospital Specific,"A,M,C,I",,RxHospChemo,Tumor,,
710,rxHospHormone,792,2,Hospital Specific,"A,M,C,I",,RxHospHormone,Tumor,,
720,rxHospBrm,794,2,Hospital Specific,"A,M,C,I",,RxHospBrm,Tumor,,
730,rxHospOther,796,1,Hospital Specific,"A,M,C,I",,RxHospOther,Tumor,,
740,rxHospDxStgProc,797,2,Hospital Specific,"A,M,C,I",,RxHospDxStgProc,Tumor,,
3280,rxHospPalliativeProc,799,1,Hospital Specific,"A,M,C,I",,RxHospPalliativeProc,Tumor,,
746,rxHospSurgSite9802,800,2,Hospital Specific,"A,M,C,I",,RxHospSurgSite9802,Tumor,,
747,rxHospScopeReg9802,802,1,Hospital Specific,"A,M,C,I",,RxHospScopeReg9802,Tumor,,
748,rxHospSurgOth9802,803,1,Hospital Specific,"A,M,C,I",,RxHospSurgOth9802,Tumor,,
759,seerSummaryStage2000,904,1,Stage / Prognostic Factors,"A,M,C,I",,SeerSummaryStage2000,Tumor,,
760,seerSummaryStage1977,905,1,Stage / Prognostic Factors,"A,M,C,I",,SeerSummaryStage1977,Tumor,,
780,eodTumorSize,906,3,Stage / Prognostic Factors,"A,M,C,I",,EodTumorSize,Tumor,,
790,eodExtension,909,2,Stage / Prognostic Factors,"A,M,C,I",,EodExtension,Tumor,,
800,eodExtensionProstPath,911,2,Stage / Prognostic Factors,"A,M,C,I",,EodExtensionProstPath,Tumor,,
810,eodLymphNodeInvolv,913,1,Stage / Prognostic Factors,"A,M,C,I",,EodLymphNodeInvolv,Tumor,,
820,regionalNodesPositive,914,2,Stage / Prognostic Factors,"A,M,C,I",,RegionalNodesPositive,Tumor,,
830,regionalNodesExamined,916,2,Stage / Prognostic Factors,"A,M,C,I",,RegionalNodesExamined,Tumor,,
840,eodOld13Digit,918,13,Stage / Prognostic Factors,"A,M,C,I",,EodOld13Digit,Tumor,,
850,eodOld2Digit,931,2,Stage / Prognostic Factors,"A,M,C,I",,EodOld2Digit,Tumor,,
860,eodOld4Digit,933,4,Stage / Prognostic Factors,"A,M,C,I",,EodOld4Digit,Tumor,,
870,eodCodingSys,937,1,Stage / Prognostic Factors,"A,M,C,I",,EodCodingSys,Tumor,,
1060,tnmEditionNumber,938,2,Stage / Prognostic Factors,"A,M,C,I",,TnmEditionNumber,Tumor,,
880,tnmPathT,940,4,Stage / Prognostic Factors,"A,M,C,I",,TnmPathT,Tumor,,
890,tnmPathN,944,4,Stage / Prognostic Factors,"A,M,C,I",,TnmPathN,Tumor,,
900,tnmPathM,948,4,Stage / Prognostic Factors,"A,M,C,I",,TnmPathM,Tumor,,
910,tnmPathStageGroup,952,4,Stage / Prognostic Factors,"A,M,C,I",,TnmPathStageGroup,Tumor,,
920,tnmPathDescriptor,956,1,Stage / Prognostic Factors,"A,M,C,I",,TnmPathDescriptor,Tumor,,
930,tnmPathStagedBy,957,1,Stage / Prognostic Factors,"A,M,C,I",,TnmPathStagedBy,Tumor,,
940,tnmClinT,958,4,Stage / Prognostic Factors,"A,M,C,I",,TnmClinT,Tumor,,
950,tnmClinN,962,4,Stage / Prognostic Factors,"A,M,C,I",,TnmClinN,Tumor,,
960,tnmClinM,966,4,Stage / Prognostic Factors,"A,M,C,I",,TnmClinM,Tumor,,
970,tnmClinStageGroup,970,4,Stage / Prognostic Factors,"A,M,C,I",,TnmClinStageGroup,Tumor,,
980,tnmClinDescriptor,974,1,Stage / Prognostic Factors,"A,M,C,I",,TnmClinDescriptor,Tumor,,
990,tnmClinStagedBy,975,1,Stage / Prognostic Factors,"A,M,C,I",,TnmClinStagedBy,Tumor,,
1120,pediatricStage,976,2,Stage / Prognostic Factors,"A,M,C,I",,PediatricStage,Tumor,,
1130,pediatricStagingSys,978,2,Stage / Prognostic Factors,"A,M,C,I",,PediatricStagingSys,Tumor,,
1140,pediatricStagedBy,980,1,Stage / Prognostic Factors,"A,M,C,I",,PediatricStagedBy,Tumor,,
1150,tumorMarker1,981,1,Stage / Prognostic Factors,"A,M,C,I",,TumorMarker1,Tumor,,
1160,tumorMarker2,982,1,Stage / Prognostic Factors,"A,M,C,I",,TumorMarker2,Tumor,,
1170,tumorMarker3,983,1,Stage / Prognostic Factors,"A,M,C,I",,TumorMarker3,Tumor,,
1182,lymphVascularInvasion,984,1,Stage / Prognostic Factors,"A,M,C,I",,LymphVascularInvasion,Tumor,,
2800,csTumorSize,985,3,Stage / Prognostic Factors,"A,M,C,I",,CsTumorSize,Tumor,,
2810,csExtension,988,3,Stage / Prognostic Factors,"A,M,C,I",,CsExtension,Tumor,,
2820,csTumorSizeExtEval,991,1,Stage / Prognostic Factors,"A,M,C,I",,CsTumorSizeExtEval,Tumor,,
2830,csLymphNodes,992,3,Stage / Prognostic Factors,"A,M,C,I",,CsLymphNodes,Tumor,,
2840,csLymphNodesEval,995,1,Stage / Prognostic Factors,"A,M,C,I",,CsLymphNodesEval,Tumor,,
2850,csMetsAtDx,996,2,Stage / Prognostic Factors,"A,M,C,I",,CsMetsAtDx,Tumor,,
2860,csMetsEval,998,1,Stage / Prognostic Factors,"A,M,C,I",,CsMetsEval,Tumor,,
2851,csMetsAtDxBone,999,1,Stage / Prognostic Factors,"A,M,C,I",,CsMetsAtDxBone,Tumor,,
2852,csMetsAtDxBrain,1000,1,Stage / Prognostic Factors,"A,M,C,I",,CsMetsAtDxBrain,Tumor,,
2853,csMetsAtDxLiver,1001,1,Stage / Prognostic Factors,"A,M,C,I",,CsMetsAtDxLiver,Tumor,,
2854,csMetsAtDxLung,1002,1,Stage / Prognostic Factors,"A,M,C,I",,CsMetsAtDxLung,Tumor,,
2880,csSiteSpecificFactor1,1003,3,Stage / Prognostic Factors,"A,M,C,I",,CsSiteSpecificFactor1,Tumor,,
2890,csSiteSpecificFactor2,1006,3,Stage / Prognostic Factors,"A,M,C,I",,CsSiteSpecificFactor2,Tumor,,
2900,csSiteSpecificFactor3,1009,3,Stage / Prognostic Factors,"A,M,C,I",,CsSiteSpecificFactor3,Tumor,,
2910,csSiteSpecificFactor4,1012,3,Stage / Prognostic Factors,"A,M,C,I",,CsSiteSpecificFactor4,Tumor,,
2920,csSiteSpecificFactor5,1015,3,Stage / Prognostic Factors,"A,M,C,I",,CsSiteSpecificFactor5,Tumor,,
2930,csSiteSpecificFactor6,1018,3,Stage / Prognostic Factors,"A,M,C,I",,CsSiteSpecificFactor6,Tumor,,
2861,csSiteSpecificFactor7,1021,3,Stage / Prognostic Factors,"A,M,C,I",,CsSiteSpecificFactor7,Tumor,,
2862,csSiteSpecificFactor8,1024,3,Stage / Prognostic Factors,"A,M,C,I",,CsSiteSpecificFactor8,Tumor,,
2863,csSiteSpecificFactor9,1027,3,Stage / Prognostic Factors,"A,M,C,I",,CsSiteSpecificFactor9,Tumor,,
2864,csSiteSpecificFactor10,1030,3,Stage / Prognostic Factors,"A,M,C,I",,CsSiteSpecificFactor10,Tumor,,
2865,csSiteSpecificFactor11,1033,3,Stage / Prognostic Factors,"A,M,C,I",,CsSiteSpecificFactor11,Tumor,,
2866,csSiteSpecificFactor12,1036,3,Stage / Prognostic Factors,"A,M,C,I",,CsSiteSpecificFactor12,Tumor,,
2867,csSiteSpecificFactor13,1039,3,Stage / Prognostic Factors,"A,M,C,I",,CsSiteSpecificFactor13,Tumor,,
2868,csSiteSpecificFactor14,1042,3,Stage / Prognostic Factors,"A,M,C,I",,CsSiteSpecificFactor14,Tumor,,
2869,csSiteSpecificFactor15,1045,3,Stage / Prognostic Factors,"A,M,C,I",,CsSiteSpecificFactor15,Tumor,,
2870,csSiteSpecificFactor16,1048,3,Stage / Prognostic Factors,"A,M,C,I",,CsSiteSpecificFactor16,Tumor,,
2871,csSiteSpecificFactor17,1051,3,Stage / Prognostic Factors,"A,M,C,I",,CsSiteSpecificFactor17,Tumor,,
2872,csSiteSpecificFactor18,1054,3,Stage / Prognostic Factors,"A,M,C,I",,CsSiteSpecificFactor18,Tumor,,
2873,csSiteSpecificFactor19,1057,3,Stage / Prognostic Factors,"A,M,C,I",,CsSiteSpecificFactor19,Tumor,,
2874,csSiteSpecificFactor20,1060,3,Stage / Prognostic Factors,"A,M,C,I",,CsSiteSpecificFactor20,Tumor,,
2875,csSiteSpecificFactor21,1063,3,Stage / Prognostic Factors,"A,M,C,I",,CsSiteSpecificFactor21,Tumor,,
2876,csSiteSpecificFactor22,1066,3,Stage / Prognostic Factors,"A,M,C,I",,CsSiteSpecificFactor22,Tumor,,
2877,csSiteSpecificFactor23,1069,3,Stage / Prognostic Factors,"A,M,C,I",,CsSiteSpecificFactor23,Tumor,,
2878,csSiteSpecificFactor24,1072,3,Stage / Prognostic Factors,"A,M,C,I",,CsSiteSpecificFactor24,Tumor,,
2879,csSiteSpecificFactor25,1075,3,Stage / Prognostic Factors,"A,M,C,I",,CsSiteSpecificFactor25,Tumor,,
2730,csPreRxTumorSize,1078,3,Stage / Prognostic Factors,"A,M,C,I",,CsPreRxTumorSize,Tumor,,
2735,csPreRxExt,1081,3,Stage / Prognostic Factors,"A,M,C,I",,CsPreRxExt,Tumor,,
2740,csPreRxSizeExtEval,1084,1,Stage / Prognostic Factors,"A,M,C,I",,CsPreRxSizeExtEval,Tumor,,
2750,csPreRxLymphNodes,1085,3,Stage / Prognostic Factors,"A,M,C,I",,CsPreRxLymphNodes,Tumor,,
2755,csPreRxRegNodesEval,1088,1,Stage / Prognostic Factors,"A,M,C,I",,CsPreRxRegNodesEval,Tumor,,
2760,csPreRxMetsAtDx,1089,2,Stage / Prognostic Factors,"A,M,C,I",,CsPreRxMetsAtDx,Tumor,,
2765,csPreRxMetsEval,1091,1,Stage / Prognostic Factors,"A,M,C,I",,CsPreRxMetsEval,Tumor,,
2770,csPostRxTumorSize,1092,3,Stage / Prognostic Factors,"A,M,C,I",,CsPostRxTumorSize,Tumor,,
2775,csPostRxExt,1095,3,Stage / Prognostic Factors,"A,M,C,I",,CsPostRxExt,Tumor,,
2780,csPostRxLymphNodes,1098,3,Stage / Prognostic Factors,"A,M,C,I",,CsPostRxLymphNodes,Tumor,,
2785,csPostRxMetsAtDx,1101,2,Stage / Prognostic Factors,"A,M,C,I",,CsPostRxMetsAtDx,Tumor,,
2940,derivedAjcc6T,1103,2,Stage / Prognostic Factors,"A,M,C,I",,DerivedAjcc6T,Tumor,,
2950,derivedAjcc6TDescriptor,1105,1,Stage / Prognostic Factors,"A,M,C,I",,DerivedAjcc6TDescriptor,Tumor,,
2960,derivedAjcc6N,1106,2,Stage / Prognostic Factors,"A,M,C,I",,DerivedAjcc6N,Tumor,,
2970,derivedAjcc6NDescriptor,1108,1,Stage / Prognostic Factors,"A,M,C,I",,DerivedAjcc6NDescriptor,Tumor,,
2980,derivedAjcc6M,1109,2,Stage / Prognostic Factors,"A,M,C,I",,DerivedAjcc6M,Tumor,,
2990,derivedAjcc6MDescriptor,1111,1,Stage / Prognostic Factors,"A,M,C,I",,DerivedAjcc6MDescriptor,Tumor,,
3000,derivedAjcc6StageGroup,1112,2,Stage / Prognostic Factors,"A,M,C,I",,DerivedAjcc6StageGroup,Tumor,,
3400,derivedAjcc7T,1114,3,Stage / Prognostic Factors,"A,M,C,I",,DerivedAjcc7T,Tumor,,
3402,derivedAjcc7TDescriptor,1117,1,Stage / Prognostic Factors,"A,M,C,I",,DerivedAjcc7TDescriptor,Tumor,,
3410,derivedAjcc7N,1118,3,Stage / Prognostic Factors,"A,M,C,I",,DerivedAjcc7N,Tumor,,
3412,derivedAjcc7NDescriptor,1121,1,Stage / Prognostic Factors,"A,M,C,I",,DerivedAjcc7NDescriptor,Tumor,,
3420,derivedAjcc7M,1122,3,Stage / Prognostic Factors,"A,M,C,I",,DerivedAjcc7M,Tumor,,
3422,derivedAjcc7MDescriptor,1125,1,Stage / Prognostic Factors,"A,M,C,I",,DerivedAjcc7MDescriptor,Tumor,,
3430,derivedAjcc7StageGroup,1126,3,Stage / Prognostic Factors,"A,M,C,I",,DerivedAjcc7StageGroup,Tumor,,
3440,derivedPreRx7T,1129,3,Stage / Prognostic Factors,"A,M,C,I",,DerivedPreRx7T,Tumor,,
3442,derivedPreRx7TDescriptor,1132,1,Stage / Prognostic Factors,"A,M,C,I",,DerivedPreRx7TDescriptor,Tumor,,
3450,derivedPreRx7N,1133,3,Stage / Prognostic Factors,"A,M,C,I",,DerivedPreRx7N,Tumor,,
3452,derivedPreRx7NDescriptor,1136,1,Stage / Prognostic Factors,"A,M,C,I",,DerivedPreRx7NDescriptor,Tumor,,
3460,derivedPreRx7M,1137,3,Stage / Prognostic Factors,"A,M,C,I",,DerivedPreRx7M,Tumor,,
3462,derivedPreRx7MDescriptor,1140,1,Stage / Prognostic Factors,"A,M,C,I",,DerivedPreRx7MDescriptor,Tumor,,
3470,derivedPreRx7StageGroup,1141,3,Stage / Prognostic Factors,"A,M,C,I",,DerivedPreRx7StageGroup,Tumor,,
3480,derivedPostRx7T,1144,3,Stage / Prognostic Factors,"A,M,C,I",,DerivedPostRx7T,Tumor,,
3482,derivedPostRx7N,1147,3,Stage / Prognostic Factors,"A,M,C,I",,DerivedPostRx7N,Tumor,,
3490,derivedPostRx7M,1150,2,Stage / Prognostic Factors,"A,M,C,I",,DerivedPostRx7M,Tumor,,
3492,derivedPostRx7StageGroup,1152,3,Stage / Prognostic Factors,"A,M,C,I",,DerivedPostRx7StageGroup,Tumor,,
3010,derivedSs1977,1155,1,Stage / Prognostic Factors,"A,M,C,I",,DerivedSs1977,Tumor,,
3020,derivedSs2000,1156,1,Stage / Prognostic Factors,"A,M,C,I",,DerivedSs2000,Tumor,,
3600,derivedNeoAdJuvRxFlag,1157,1,Stage / Prognostic Factors,"A,M,C,I",,DerivedNeoAdJuvRxFlag,Tumor,,
3030,derivedAjccFlag,1158,1,Stage / Prognostic Factors,"A,M,C,I",,DerivedAjccFlag,Tumor,,
3040,derivedSs1977Flag,1159,1,Stage / Prognostic Factors,"A,M,C,I",,DerivedSs1977Flag,Tumor,,
3050,derivedSs2000Flag,1160,1,Stage / Prognostic Factors,"A,M,C,I",,DerivedSs2000Flag,Tumor,,
2937,csVersionInputCurrent,1161,6,Stage / Prognostic Factors,"A,M,C,I",,CsVersionInputCurrent,Tumor,,
2935,csVersionOriginal,1167,6,Stage / Prognostic Factors,"A,M,C,I",,CsVersionOriginal,Tumor,,
2936,csVersionDerived,1173,6,Stage / Prognostic Factors,"A,M,C,I",,CsVersionDerived,Tumor,,
3700,seerSiteSpecificFactor1,1179,1,Stage / Prognostic Factors,"A,M,C,I",,SeerSiteSpecificFactor1,Tumor,,
3702,seerSiteSpecificFactor2,1180,1,Stage / Prognostic Factors,"A,M,C,I",,SeerSiteSpecificFactor2,Tumor,,
3704,seerSiteSpecificFactor3,1181,1,Stage / Prognostic Factors,"A,M,C,I",,SeerSiteSpecificFactor3,Tumor,,
3706,seerSiteSpecificFactor4,1182,1,Stage / Prognostic Factors,"A,M,C,I",,SeerSiteSpecificFactor4,Tumor,,
3708,seerSiteSpecificFactor5,1183,1,Stage / Prognostic Factors,"A,M,C,I",,SeerSiteSpecificFactor5,Tumor,,
3710,seerSiteSpecificFactor6,1184,1,Stage / Prognostic Factors,"A,M,C,I",,SeerSiteSpecificFactor6,Tumor,,
3165,icdRevisionComorbid,1185,1,Stage / Prognostic Factors,"A,M,C,I",,IcdRevisionComorbid,Tumor,,
3110,comorbidComplication1,1186,5,Stage / Prognostic Factors,"A,M,C,I",,ComorbidComplication1,Tumor,,
3120,comorbidComplication2,1191,5,Stage / Prognostic Factors,"A,M,C,I",,ComorbidComplication2,Tumor,,
3130,comorbidComplication3,1196,5,Stage / Prognostic Factors,"A,M,C,I",,ComorbidComplication3,Tumor,,
3140,comorbidComplication4,1201,5,Stage / Prognostic Factors,"A,M,C,I",,ComorbidComplication4,Tumor,,
3150,comorbidComplication5,1206,5,Stage / Prognostic Factors,"A,M,C,I",,ComorbidComplication5,Tumor,,
3160,comorbidComplication6,1211,5,Stage / Prognostic Factors,"A,M,C,I",,ComorbidComplication6,Tumor,,
3161,comorbidComplication7,1216,5,Stage / Prognostic Factors,"A,M,C,I",,ComorbidComplication7,Tumor,,
3162,comorbidComplication8,1221,5,Stage / Prognostic Factors,"A,M,C,I",,ComorbidComplication8,Tumor,,
3163,comorbidComplication9,1226,5,Stage / Prognostic Factors,"A,M,C,I",,ComorbidComplication9,Tumor,,
3164,comorbidComplication10,1231,5,Stage / Prognostic Factors,"A,M,C,I",,ComorbidComplication10,Tumor,,
3780,secondaryDiagnosis1,1236,7,Stage / Prognostic Factors,"A,M,C,I",,SecondaryDiagnosis1,Tumor,,
3782,secondaryDiagnosis2,1243,7,Stage / Prognostic Factors,"A,M,C,I",,SecondaryDiagnosis2,Tumor,,
3784,secondaryDiagnosis3,1250,7,Stage / Prognostic Factors,"A,M,C,I",,SecondaryDiagnosis3,Tumor,,
3786,secondaryDiagnosis4,1257,7,Stage / Prognostic Factors,"A,M,C,I",,SecondaryDiagnosis4,Tumor,,
3788,secondaryDiagnosis5,1264,7,Stage / Prognostic Factors,"A,M,C,I",,SecondaryDiagnosis5,Tumor,,
3790,secondaryDiagnosis6,1271,7,Stage / Prognostic Factors,"A,M,C,I",,SecondaryDiagnosis6,Tumor,,
3792,secondaryDiagnosis7,1278,7,Stage / Prognostic Factors,"A,M,C,I",,SecondaryDiagnosis7,Tumor,,
3794,secondaryDiagnosis8,1285,7,Stage / Prognostic Factors,"A,M,C,I",,SecondaryDiagnosis8,Tumor,,
3796,secondaryDiagnosis9,1292,7,Stage / Prognostic Factors,"A,M,C,I",,SecondaryDiagnosis9,Tumor,,
3798,secondaryDiagnosis10,1299,7,Stage / Prognostic Factors,"A,M,C,I",,SecondaryDiagnosis10,Tumor,,
3720,npcrSpecificField,1306,75,Stage / Prognostic Factors,"A,M,C,I",,NpcrSpecificField,Tumor,,
1260,dateOfInitialRx,1436,8,Treatment - 1st Course,"A,M,C,I",,DateOfInitialRx,Tumor,,
1261,dateOfInitialRxFlag,1444,2,Treatment - 1st Course,"A,M,C,I",,DateOfInitialRxFlag,Tumor,,
1270,dateOf1stCrsRxCoc,1446,8,Treatment - 1st Course,"A,M,C,I",,DateOf1stCrsRxCoc,Tumor,,
1271,dateOf1stCrsRxCocFlag,1454,2,Treatment - 1st Course,"A,M,C,I",,DateOf1stCrsRxCocFlag,Tumor,,
1200,rxDateSurgery,1456,8,Treatment - 1st Course,"A,M,C,I",,RxDateSurgery,Tumor,,
1201,rxDateSurgeryFlag,1464,2,Treatment - 1st Course,"A,M,C,I",,RxDateSurgeryFlag,Tumor,,
3170,rxDateMostDefinSurg,1466,8,Treatment - 1st Course,"A,M,C,I",,RxDateMostDefinSurg,Tumor,,
3171,rxDateMostDefinSurgFlag,1474,2,Treatment - 1st Course,"A,M,C,I",,RxDateMostDefinSurgFlag,Tumor,,
3180,rxDateSurgicalDisch,1476,8,Treatment - 1st Course,"A,M,C,I",,RxDateSurgicalDisch,Tumor,,
3181,rxDateSurgicalDischFlag,1484,2,Treatment - 1st Course,"A,M,C,I",,RxDateSurgicalDischFlag,Tumor,,
1210,rxDateRadiation,1486,8,Treatment - 1st Course,"A,M,C,I",,RxDateRadiation,Tumor,,
1211,rxDateRadiationFlag,1494,2,Treatment - 1st Course,"A,M,C,I",,RxDateRadiationFlag,Tumor,,
3220,rxDateRadiationEnded,1496,8,Treatment - 1st Course,"A,M,C,I",,RxDateRadiationEnded,Tumor,,
3221,rxDateRadiationEndedFlag,1504,2,Treatment - 1st Course,"A,M,C,I",,RxDateRadiationEndedFlag,Tumor,,
3230,rxDateSystemic,1506,8,Treatment - 1st Course,"A,M,C,I",,RxDateSystemic,Tumor,,
3231,rxDateSystemicFlag,1514,2,Treatment - 1st Course,"A,M,C,I",,RxDateSystemicFlag,Tumor,,
1220,rxDateChemo,1516,8,Treatment - 1st Course,"A,M,C,I",,RxDateChemo,Tumor,,
1221,rxDateChemoFlag,1524,2,Treatment - 1st Course,"A,M,C,I",,RxDateChemoFlag,Tumor,,
1230,rxDateHormone,1526,8,Treatment - 1st Course,"A,M,C,I",,RxDateHormone,Tumor,,
1231,rxDateHormoneFlag,1534,2,Treatment - 1st Course,"A,M,C,I",,RxDateHormoneFlag,Tumor,,
1240,rxDateBrm,1536,8,Treatment - 1st Course,"A,M,C,I",,RxDateBrm,Tumor,,
1241,rxDateBrmFlag,1544,2,Treatment - 1st Course,"A,M,C,I",,RxDateBrmFlag,Tumor,,
1250,rxDateOther,1546,8,Treatment - 1st Course,"A,M,C,I",,RxDateOther,Tumor,,
1251,rxDateOtherFlag,1554,2,Treatment - 1st Course,"A,M,C,I",,RxDateOtherFlag,Tumor,,
1280,rxDateDxStgProc,1556,8,Treatment - 1st Course,"A,M,C,I",,RxDateDxStgProc,Tumor,,
1281,rxDateDxStgProcFlag,1564,2,Treatment - 1st Course,"A,M,C,I",,RxDateDxStgProcFlag,Tumor,,
1285,rxSummTreatmentStatus,1566,1,Treatment - 1st Course,"A,M,C,I",,RxSummTreatmentStatus,Tumor,,
1290,rxSummSurgPrimSite,1567,2,Treatment - 1st Course,"A,M,C,I",,RxSummSurgPrimSite,Tumor,,
1292,rxSummScopeRegLnSur,1569,1,Treatment - 1st Course,"A,M,C,I",,RxSummScopeRegLnSur,Tumor,,
1294,rxSummSurgOthRegDis,1570,1,Treatment - 1st Course,"A,M,C,I",,RxSummSurgOthRegDis,Tumor,,
1296,rxSummRegLnExamined,1571,2,Treatment - 1st Course,"A,M,C,I",,RxSummRegLnExamined,Tumor,,
1310,rxSummSurgicalApproach,1573,1,Treatment - 1st Course,"A,M,C,I",,RxSummSurgicalApproach,Tumor,,
1320,rxSummSurgicalMargins,1574,1,Treatment - 1st Course,"A,M,C,I",,RxSummSurgicalMargins,Tumor,,
1330,rxSummReconstruct1st,1575,1,Treatment - 1st Course,"A,M,C,I",,RxSummReconstruct1st,Tumor,,
1340,reasonForNoSurgery,1576,1,Treatment - 1st Course,"A,M,C,I",,ReasonForNoSurgery,Tumor,,
1350,rxSummDxStgProc,1577,2,Treatment - 1st Course,"A,M,C,I",,RxSummDxStgProc,Tumor,,
3270,rxSummPalliativeProc,1579,1,Treatment - 1st Course,"A,M,C,I",,RxSummPalliativeProc,Tumor,,
1360,rxSummRadiation,1580,1,Treatment - 1st Course,"A,M,C,I",,RxSummRadiation,Tumor,,
1370,rxSummRadToCns,1581,1,Treatment - 1st Course,"A,M,C,I",,RxSummRadToCns,Tumor,,
1380,rxSummSurgRadSeq,1582,1,Treatment - 1st Course,"A,M,C,I",,RxSummSurgRadSeq,Tumor,,
3250,rxSummTransplntEndocr,1583,2,Treatment - 1st Course,"A,M,C,I",,RxSummTransplntEndocr,Tumor,,
1390,rxSummChemo,1585,2,Treatment - 1st Course,"A,M,C,I",,RxSummChemo,Tumor,,
1400,rxSummHormone,1587,2,Treatment - 1st Course,"A,M,C,I",,RxSummHormone,Tumor,,
1410,rxSummBrm,1589,2,Treatment - 1st Course,"A,M,C,I",,RxSummBrm,Tumor,,
1420,rxSummOther,1591,1,Treatment - 1st Course,"A,M,C,I",,RxSummOther,Tumor,,
1430,reasonForNoRadiation,1592,1,Treatment - 1st Course,"A,M,C,I",,ReasonForNoRadiation,Tumor,,
1460,rxCodingSysCurrent,1593,2,Treatment - 1st Course,"A,M,C,I",,RxCodingSysCurrent,Tumor,,
1510,radRegionalDoseCgy,1596,5,Treatment - 1st Course,"A,M,C,I",,RadRegionalDoseCgy,Tumor,,
1520,radNoOfTreatmentVol,1601,3,Treatment - 1st Course,"A,M,C,I",,RadNoOfTreatmentVol,Tumor,,
1540,radTreatmentVolume,1604,2,Treatment - 1st Course,"A,M,C,I",,RadTreatmentVolume,Tumor,,
1550,radLocationOfRx,1606,1,Treatment - 1st Course,"A,M,C,I",,RadLocationOfRx,Tumor,,
1570,radRegionalRxModality,1607,2,Treatment - 1st Course,"A,M,C,I",,RadRegionalRxModality,Tumor,,
3200,radBoostRxModality,1609,2,Treatment - 1st Course,"A,M,C,I",,RadBoostRxModality,Tumor,,
3210,radBoostDoseCgy,1611,5,Treatment - 1st Course,"A,M,C,I",,RadBoostDoseCgy,Tumor,,
1639,rxSummSystemicSurgSeq,1616,1,Treatment - 1st Course,"A,M,C,I",,RxSummSystemicSurgSeq,Tumor,,
1640,rxSummSurgeryType,1617,2,Treatment - 1st Course,"A,M,C,I",,RxSummSurgeryType,Tumor,,
3190,readmSameHosp30Days,1619,1,Treatment - 1st Course,"A,M,C,I",,ReadmSameHosp30Days,Tumor,,
1646,rxSummSurgSite9802,1620,2,Treatment - 1st Course,"A,M,C,I",,RxSummSurgSite9802,Tumor,,
1647,rxSummScopeReg9802,1622,1,Treatment - 1st Course,"A,M,C,I",,RxSummScopeReg9802,Tumor,,
1648,rxSummSurgOth9802,1623,1,Treatment - 1st Course,"A,M,C,I",,RxSummSurgOth9802,Tumor,,
1660,subsqRx2ndCourseDate,1724,8,Treatment - Subsequent & Other,"A,M,C,I",,SubsqRx2ndCourseDate,Tumor,,
1661,subsqRx2ndCourseDateFlag,1732,2,Treatment - Subsequent & Other,"A,M,C,I",,SubsqRx2ndCourseDateFlag,Tumor,,
1671,subsqRx2ndCourseSurg,1734,2,Treatment - Subsequent & Other,"A,M,C,I",,SubsqRx2ndCourseSurg,Tumor,,
1677,subsqRx2ndScopeLnSu,1736,1,Treatment - Subsequent & Other,"A,M,C,I",,SubsqRx2ndScopeLnSu,Tumor,,
1678,subsqRx2ndSurgOth,1737,1,Treatment - Subsequent & Other,"A,M,C,I",,SubsqRx2ndSurgOth,Tumor,,
1679,subsqRx2ndRegLnRem,1738,2,Treatment - Subsequent & Other,"A,M,C,I",,SubsqRx2ndRegLnRem,Tumor,,
1672,subsqRx2ndCourseRad,1740,1,Treatment - Subsequent & Other,"A,M,C,I",,SubsqRx2ndCourseRad,Tumor,,
1673,subsqRx2ndCourseChemo,1741,1,Treatment - Subsequent & Other,"A,M,C,I",,SubsqRx2ndCourseChemo,Tumor,,
1674,subsqRx2ndCourseHorm,1742,1,Treatment - Subsequent & Other,"A,M,C,I",,SubsqRx2ndCourseHorm,Tumor,,
1675,subsqRx2ndCourseBrm,1743,1,Treatment - Subsequent & Other,"A,M,C,I",,SubsqRx2ndCourseBrm,Tumor,,
1676,subsqRx2ndCourseOth,1744,1,Treatment - Subsequent & Other,"A,M,C,I",,SubsqRx2ndCourseOth,Tumor,,
1680,subsqRx3rdCourseDate,1745,8,Treatment - Subsequent & Other,"A,M,C,I",,SubsqRx3rdCourseDate,Tumor,,
1681,subsqRx3rdCourseDateFlag,1753,2,Treatment - Subsequent & Other,"A,M,C,I",,SubsqRx3rdCourseDateFlag,Tumor,,
1691,subsqRx3rdCourseSurg,1755,2,Treatment - Subsequent & Other,"A,M,C,I",,SubsqRx3rdCourseSurg,Tumor,,
1697,subsqRx3rdScopeLnSu,1757,1,Treatment - Subsequent & Other,"A,M,C,I",,SubsqRx3rdScopeLnSu,Tumor,,
1698,subsqRx3rdSurgOth,1758,1,Treatment - Subsequent & Other,"A,M,C,I",,SubsqRx3rdSurgOth,Tumor,,
1699,subsqRx3rdRegLnRem,1759,2,Treatment - Subsequent & Other,"A,M,C,I",,SubsqRx3rdRegLnRem,Tumor,,
1692,subsqRx3rdCourseRad,1761,1,Treatment - Subsequent & Other,"A,M,C,I",,SubsqRx3rdCourseRad,Tumor,,
1693,subsqRx3rdCourseChemo,1762,1,Treatment - Subsequent & Other,"A,M,C,I",,SubsqRx3rdCourseChemo,Tumor,,
1694,subsqRx3rdCourseHorm,1763,1,Treatment - Subsequent & Other,"A,M,C,I",,SubsqRx3rdCourseHorm,Tumor,,
1695,subsqRx3rdCourseBrm,1764,1,Treatment - Subsequent & Other,"A,M,C,I",,SubsqRx3rdCourseBrm,Tumor,,
1696,subsqRx3rdCourseOth,1765,1,Treatment - Subsequent & Other,"A,M,C,I",,SubsqRx3rdCourseOth,Tumor,,
1700,subsqRx4thCourseDate,1766,8,Treatment - Subsequent & Other,"A,M,C,I",,SubsqRx4thCourseDate,Tumor,,
1701,subsqRx4thCourseDateFlag,1774,2,Treatment - Subsequent & Other,"A,M,C,I",,SubsqRx4thCourseDateFlag,Tumor,,
1711,subsqRx4thCourseSurg,1776,2,Treatment - Subsequent & Other,"A,M,C,I",,SubsqRx4thCourseSurg,Tumor,,
1717,subsqRx4thScopeLnSu,1778,1,Treatment - Subsequent & Other,"A,M,C,I",,SubsqRx4thScopeLnSu,Tumor,,
1718,subsqRx4thSurgOth,1779,1,Treatment - Subsequent & Other,"A,M,C,I",,SubsqRx4thSurgOth,Tumor,,
1719,subsqRx4thRegLnRem,1780,2,Treatment - Subsequent & Other,"A,M,C,I",,SubsqRx4thRegLnRem,Tumor,,
1712,subsqRx4thCourseRad,1782,1,Treatment - Subsequent & Other,"A,M,C,I",,SubsqRx4thCourseRad,Tumor,,
1713,subsqRx4thCourseChemo,1783,1,Treatment - Subsequent & Other,"A,M,C,I",,SubsqRx4thCourseChemo,Tumor,,
1714,subsqRx4thCourseHorm,1784,1,Treatment - Subsequent & Other,"A,M,C,I",,SubsqRx4thCourseHorm,Tumor,,
1715,subsqRx4thCourseBrm,1785,1,Treatment - Subsequent & Other,"A,M,C,I",,SubsqRx4thCourseBrm,Tumor,,
1716,subsqRx4thCourseOth,1786,1,Treatment - Subsequent & Other,"A,M,C,I",,SubsqRx4thCourseOth,Tumor,,
1741,subsqRxReconstructDel,1787,1,Treatment - Subsequent & Other,"A,M,C,I",,SubsqRxReconstructDel,Tumor,,
1981,overRideSsNodesPos,1888,1,Edit Overrides / Conversion History / System Admin,"A,M,C,I",,OverRideSsNodesPos,Tumor,,
1982,overRideSsTnmN,1889,1,Edit Overrides / Conversion History / System Admin,"A,M,C,I",,OverRideSsTnmN,Tumor,,
1983,overRideSsTnmM,1890,1,Edit Overrides / Conversion History / System Admin,"A,M,C,I",,OverRideSsTnmM,Tumor,,
1985,overRideAcsnClassSeq,1891,1,Edit Overrides / Conversion History / System Admin,"A,M,C,I",,OverRideAcsnClassSeq,Tumor,,
1986,overRideHospSeqDxConf,1892,1,Edit Overrides / Conversion History / System Admin,"A,M,C,I",,OverRideHospSeqDxConf,Tumor,,
1987,overRideCocSiteType,1893,1,Edit Overrides / Conversion History / System Admin,"A,M,C,I",,OverRideCocSiteType,Tumor,,
1988,overRideHospSeqSite,1894,1,Edit Overrides / Conversion History / System Admin,"A,M,C,I",,OverRideHospSeqSite,Tumor,,
1989,overRideSiteTnmStgGrp,1895,1,Edit Overrides / Conversion History / System Admin,"A,M,C,I",,OverRideSiteTnmStgGrp,Tumor,,
1990,overRideAgeSiteMorph,1896,1,Edit Overrides / Conversion History / System Admin,"A,M,C,I",,OverRideAgeSiteMorph,Tumor,,
2000,overRideSeqNoDxConf,1897,1,Edit Overrides / Conversion History / System Admin,"A,M,C,I",,OverRideSeqNoDxConf,Tumor,,
2010,overRideSiteLatSeqNo,1898,1,Edit Overrides / Conversion History / System Admin,"A,M,C,I",,OverRideSiteLatSeqNo,Tumor,,
2020,overRideSurgDxConf,1899,1,Edit Overrides / Conversion History / System Admin,"A,M,C,I",,OverRideSurgDxConf,Tumor,,
2030,overRideSiteType,1900,1,Edit Overrides / Conversion History / System Admin,"A,M,C,I",,OverRideSiteType,Tumor,,
2040,overRideHistology,1901,1,Edit Overrides / Conversion History / System Admin,"A,M,C,I",,OverRideHistology,Tumor,,
2050,overRideReportSource,1902,1,Edit Overrides / Conversion History / System Admin,"A,M,C,I",,OverRideReportSource,Tumor,,
2060,overRideIllDefineSite,1903,1,Edit Overrides / Conversion History / System Admin,"A,M,C,I",,OverRideIllDefineSite,Tumor,,
2070,overRideLeukLymphoma,1904,1,Edit Overrides / Conversion History / System Admin,"A,M,C,I",,OverRideLeukLymphoma,Tumor,,
2071,overRideSiteBehavior,1905,1,Edit Overrides / Conversion History / System Admin,"A,M,C,I",,OverRideSiteBehavior,Tumor,,
2072,overRideSiteEodDxDate,1906,1,Edit Overrides / Conversion History / System Admin,"A,M,C,I",,OverRideSiteEodDxDate,Tumor,,
2073,overRideSiteLatEod,1907,1,Edit Overrides / Conversion History / System Admin,"A,M,C,I",,OverRideSiteLatEod,Tumor,,
2074,overRideSiteLatMorph,1908,1,Edit Overrides / Conversion History / System Admin,"A,M,C,I",,OverRideSiteLatMorph,Tumor,,
1960,primarySiteIcdO1,1909,4,Edit Overrides / Conversion History / System Admin,"A,M,C,I",,PrimarySiteIcdO1,Tumor,,
1971,histologyIcdO1,1913,4,Edit Overrides / Conversion History / System Admin,"A,M,C,I",,HistologyIcdO1,Tumor,,
1972,behaviorIcdO1,1917,1,Edit Overrides / Conversion History / System Admin,"A,M,C,I",,BehaviorIcdO1,Tumor,,
1973,gradeIcdO1,1918,1,Edit Overrides / Conversion History / System Admin,"A,M,C,I",,GradeIcdO1,Tumor,,
1980,icdO2ConversionFlag,1919,1,Edit Overrides / Conversion History / System Admin,"A,M,C,I",,IcdO2ConversionFlag,Tumor,,
2081,crcChecksum,1920,10,Edit Overrides / Conversion History / System Admin,"A,M,C,I",,CrcChecksum,Tumor,,
2120,seerCodingSysCurrent,1930,1,Edit Overrides / Conversion History / System Admin,"A,M,C,I",,SeerCodingSysCurrent,Tumor,,
2130,seerCodingSysOriginal,1931,1,Edit Overrides / Conversion History / System Admin,"A,M,C,I",,SeerCodingSysOriginal,Tumor,,
2140,cocCodingSysCurrent,1932,2,Edit Overrides / Conversion History / System Admin,"A,M,C,I",,CocCodingSysCurrent,Tumor,,
2150,cocCodingSysOriginal,1934,2,Edit Overrides / Conversion History / System Admin,"A,M,C,I",,CocCodingSysOriginal,Tumor,,
2170,vendorName,1936,10,Edit Overrides / Conversion History / System Admin,"A,M,C,I",,VendorName,Tumor,,
2180,seerTypeOfFollowUp,1946,1,Edit Overrides / Conversion History / System Admin,"A,M,C,I",,SeerTypeOfFollowUp,Tumor,,
2190,seerRecordNumber,1947,2,Edit Overrides / Conversion History / System Admin,"A,M,C,I",,SeerRecordNumber,Tumor,,
2200,diagnosticProc7387,1949,2,Edit Overrides / Conversion History / System Admin,"A,M,C,I",,DiagnosticProc7387,Tumor,,
2085,dateCaseInitiated,1951,8,Edit Overrides / Conversion History / System Admin,"A,M,C,I",,DateCaseInitiated,Tumor,,
2090,dateCaseCompleted,1959,8,Edit Overrides / Conversion History / System Admin,"A,M,C,I",,DateCaseCompleted,Tumor,,
2092,dateCaseCompletedCoc,1967,8,Edit Overrides / Conversion History / System Admin,"A,M,C,I",,DateCaseCompletedCoc,Tumor,,
2100,dateCaseLastChanged,1975,8,Edit Overrides / Conversion History / System Admin,"A,M,C,I",,DateCaseLastChanged,Tumor,,
2110,dateCaseReportExported,1983,8,Edit Overrides / Conversion History / System Admin,"A,M,C,I",,DateCaseReportExported,Tumor,,
2111,dateCaseReportReceived,1991,8,Edit Overrides / Conversion History / System Admin,"A,M,C,I",,DateCaseReportReceived,Tumor,,
2112,dateCaseReportLoaded,1999,8,Edit Overrides / Conversion History / System Admin,"A,M,C,I",,DateCaseReportLoaded,Tumor,,
2113,dateTumorRecordAvailbl,2007,8,Edit Overrides / Conversion History / System Admin,"A,M,C,I",,DateTumorRecordAvailbl,Tumor,,
2116,icdO3ConversionFlag,2015,1,Edit Overrides / Conversion History / System Admin,"A,M,C,I",,IcdO3ConversionFlag,Tumor,,
3750,overrideCs1,2016,1,Edit Overrides / Conversion History / System Admin,"A,M,C,I",,OverrideCs1,Tumor,,
3751,overrideCs2,2017,1,Edit Overrides / Conversion History / System Admin,"A,M,C,I",,OverrideCs2,Tumor,,
3752,overrideCs3,2018,1,Edit Overrides / Conversion History / System Admin,"A,M,C,I",,OverrideCs3,Tumor,,
3753,overrideCs4,2019,1,Edit Overrides / Conversion History / System Admin,"A,M,C,I",,OverrideCs4,Tumor,,
3754,overrideCs5,2020,1,Edit Overrides / Conversion History / System Admin,"A,M,C,I",,OverrideCs5,Tumor,,
3755,overrideCs6,2021,1,Edit Overrides / Conversion History / System Admin,"A,M,C,I",,OverrideCs6,Tumor,,
3756,overrideCs7,2022,1,Edit Overrides / Conversion History / System Admin,"A,M,C,I",,OverrideCs7,Tumor,,
3757,overrideCs8,2023,1,Edit Overrides / Conversion History / System Admin,"A,M,C,I",,OverrideCs8,Tumor,,
3758,overrideCs9,2024,1,Edit Overrides / Conversion History / System Admin,"A,M,C,I",,OverrideCs9,Tumor,,
3759,overrideCs10,2025,1,Edit Overrides / Conversion History / System Admin,"A,M,C,I",,OverrideCs10,Tumor,,
3760,overrideCs11,2026,1,Edit Overrides / Conversion History / System Admin,"A,M,C,I",,OverrideCs11,Tumor,,
3761,overrideCs12,2027,1,Edit Overrides / Conversion History / System Admin,"A,M,C,I",,OverrideCs12,Tumor,,
3762,overrideCs13,2028,1,Edit Overrides / Conversion History / System Admin,"A,M,C,I",,OverrideCs13,Tumor,,
3763,overrideCs14,2029,1,Edit Overrides / Conversion History / System Admin,"A,M,C,I",,OverrideCs14,Tumor,,
3764,overrideCs15,2030,1,Edit Overrides / Conversion History / System Admin,"A,M,C,I",,OverrideCs15,Tumor,,
3765,overrideCs16,2031,1,Edit Overrides / Conversion History / System Admin,"A,M,C,I",,OverrideCs16,Tumor,,
3766,overrideCs17,2032,1,Edit Overrides / Conversion History / System Admin,"A,M,C,I",,OverrideCs17,Tumor,,
3767,overrideCs18,2033,1,Edit Overrides / Conversion History / System Admin,"A,M,C,I",,OverrideCs18,Tumor,,
3768,overrideCs19,2034,1,Edit Overrides / Conversion History / System Admin,"A,M,C,I",,OverrideCs19,Tumor,,
3769,overrideCs20,2035,1,Edit Overrides / Conversion History / System Admin,"A,M,C,I",,OverrideCs20,Tumor,,
1750,dateOfLastContact,2116,8,Follow-up / Recurrence / Death,"A,M,C,I",,DateOfLastContact,Tumor,,
1751,dateOfLastContactFlag,2124,2,Follow-up / Recurrence / Death,"A,M,C,I",,DateOfLastContactFlag,Tumor,,
1760,vitalStatus,2126,1,Follow-up / Recurrence / Death,"A,M,C,I",,VitalStatus,Tumor,,
1770,cancerStatus,2127,1,Follow-up / Recurrence / Death,"A,M,C,I",,CancerStatus,Tumor,,
1780,qualityOfSurvival,2128,1,Follow-up / Recurrence / Death,"A,M,C,I",,QualityOfSurvival,Tumor,,
1790,followUpSource,2129,1,Follow-up / Recurrence / Death,"A,M,C,I",,FollowUpSource,Tumor,,
1800,nextFollowUpSource,2130,1,Follow-up / Recurrence / Death,"A,M,C,I",,NextFollowUpSource,Tumor,,
1810,addressCurrentCity,2131,50,Follow-up / Recurrence / Death,"A,M,C,I",,AddressCurrentCity,Tumor,,
1820,addressCurrentState,2181,2,Follow-up / Recurrence / Death,"A,M,C,I",,AddressCurrentState,Tumor,,
1830,addressCurrentPostalCode,2183,9,Follow-up / Recurrence / Death,"A,M,C,I",,AddressCurrentPostalCode,Tumor,,
1840,addressCurrentCounty,2192,3,Follow-up / Recurrence / Death,"A,M,C,I",,AddressCurrentCounty,Tumor,,
1860,recurrenceDate1st,2196,8,Follow-up / Recurrence / Death,"A,M,C,I",,RecurrenceDate1st,Tumor,,
1861,recurrenceDate1stFlag,2204,2,Follow-up / Recurrence / Death,"A,M,C,I",,RecurrenceDate1stFlag,Tumor,,
1880,recurrenceType1st,2206,2,Follow-up / Recurrence / Death,"A,M,C,I",,RecurrenceType1st,Tumor,,
1842,followUpContactCity,2208,50,Follow-up / Recurrence / Death,"A,M,C,I",,FollowUpContactCity,Tumor,,
1844,followUpContactState,2258,2,Follow-up / Recurrence / Death,"A,M,C,I",,FollowUpContactState,Tumor,,
1846,followUpContactPostal,2260,9,Follow-up / Recurrence / Death,"A,M,C,I",,FollowUpContactPostal,Tumor,,
1910,causeOfDeath,2269,4,Follow-up / Recurrence / Death,"A,M,C,I",,CauseOfDeath,Tumor,,
1920,icdRevisionNumber,2273,1,Follow-up / Recurrence / Death,"A,M,C,I",,IcdRevisionNumber,Tumor,,
1930,autopsy,2274,1,Follow-up / Recurrence / Death,"A,M,C,I",,Autopsy,Tumor,,
1940,placeOfDeath,2275,3,Follow-up / Recurrence / Death,"A,M,C,I",,PlaceOfDeath,Tumor,,
1791,followUpSourceCentral,2278,2,Follow-up / Recurrence / Death,"A,M,C,I",,FollowUpSourceCentral,Tumor,,
1755,dateOfDeathCanada,2280,8,Follow-up / Recurrence / Death,"A,M,C,I",,DateOfDeathCanada,Tumor,,
1756,dateOfDeathCanadaFlag,2288,2,Follow-up / Recurrence / Death,"A,M,C,I",,DateOfDeathCanadaFlag,Tumor,,
1850,unusualFollowUpMethod,2290,2,Follow-up / Recurrence / Death,"A,M,C,I",,UnusualFollowUpMethod,Tumor,,
2220,stateRequestorItems,2340,1000,Special Use,"A,M,C,I",,StateRequestorItems,Tumor,,
2230,nameLast,3340,40,Patient - Confidential,"A,M,C",,NameLast,Patient,,
2240,nameFirst,3380,40,Patient - Confidential,"A,M,C",,NameFirst,Patient,,
2250,nameMiddle,3420,40,Patient - Confidential,"A,M,C",,NameMiddle,Patient,,
2260,namePrefix,3460,3,Patient - Confidential,"A,M,C",,NamePrefix,Patient,,
2270,nameSuffix,3463,3,Patient - Confidential,"A,M,C",,NameSuffix,Patient,,
2280,nameAlias,3466,40,Patient - Confidential,"A,M,C",,NameAlias,Patient,,
2390,nameMaiden,3506,40,Patient - Confidential,"A,M,C",,NameMaiden,Patient,,
2290,nameSpouseParent,3546,60,Patient - Confidential,"A,M,C",,NameSpouseParent,Patient,,
2300,medicalRecordNumber,3606,11,Patient - Confidential,"A,M,C",,MedicalRecordNumber,Patient,,
2310,militaryRecordNoSuffix,3617,2,Patient - Confidential,"A,M,C",,MilitaryRecordNoSuffix,Patient,,
2320,socialSecurityNumber,3619,9,Patient - Confidential,"A,M,C",,SocialSecurityNumber,Patient,,
2330,addressAtDxStreetName,3628,60,Patient - Confidential,"A,M,C",,AddressAtDxStreetName,Patient,,
2335,addressAtDxSupplementl,3688,60,Patient - Confidential,"A,M,C",,AddressAtDxSupplementl,Patient,,
2350,addressCurrentStreetName,3748,60,Patient - Confidential,"A,M,C",,AddressCurrentStreetName,Patient,,
2355,addressCurrentSupplementl,3808,60,Patient - Confidential,"A,M,C",,AddressCurrentSupplementl,Patient,,
2360,telephone,3868,10,Patient - Confidential,"A,M,C",,Telephone,Patient,,
2380,dcStateFileNumber,3878,6,Patient - Confidential,"A,M,C",,DcStateFileNumber,Patient,,
2394,followUpContactName,3884,60,Patient - Confidential,"A,M,C",,FollowUpContactName,Patient,,
2392,followUpContactNoAndStreet,3944,60,Patient - Confidential,"A,M,C",,FollowUpContactNoAndStreet,Patient,,
2393,followUpContactSuppl,4004,60,Patient - Confidential,"A,M,C",,FollowUpContactSuppl,Patient,,
2352,latitude,4064,10,Patient - Confidential,"A,M,C",,Latitude,Patient,,
2354,longitude,4074,11,Patient - Confidential,"A,M,C",,Longitude,Patient,,
2445,followingRegistryNpi,4285,10,Hospital - Confidential,"A,M,C",,FollowingRegistryNpi,Tumor,,
2440,followingRegistry,4295,10,Hospital - Confidential,"A,M,C",,FollowingRegistry,Tumor,,
2415,institutionReferredFromNpi,4305,10,Hospital - Confidential,"A,M,C",,InstitutionReferredFromNpi,Tumor,,
2410,institutionReferredFrom,4315,10,Hospital - Confidential,"A,M,C",,InstitutionReferredFrom,Tumor,,
2425,institutionReferredToNpi,4325,10,Hospital - Confidential,"A,M,C",,InstitutionReferredToNpi,Tumor,,
2420,institutionReferredTo,4335,10,Hospital - Confidential,"A,M,C",,InstitutionReferredTo,Tumor,,
2465,physicianManagingNpi,4395,10,Other - Confidential,"A,M,C",,PhysicianManagingNpi,Tumor,,
2460,physicianManaging,4405,8,Other - Confidential,"A,M,C",,PhysicianManaging,Tumor,,
2475,physicianFollowUpNpi,4413,10,Other - Confidential,"A,M,C",,PhysicianFollowUpNpi,Tumor,,
2470,physicianFollowUp,4423,8,Other - Confidential,"A,M,C",,PhysicianFollowUp,Tumor,,
2485,physicianPrimarySurgNpi,4431,10,Other - Confidential,"A,M,C",,PhysicianPrimarySurgNpi,Tumor,,
2480,physicianPrimarySurg,4441,8,Other - Confidential,"A,M,C",,PhysicianPrimarySurg,Tumor,,
2495,physician3Npi,4449,10,Other - Confidential,"A,M,C",,Physician3Npi,Tumor,,
2490,physician3,4459,8,Other - Confidential,"A,M,C",,Physician3,Tumor,,
2505,physician4Npi,4467,10,Other - Confidential,"A,M,C",,Physician4Npi,Tumor,,
2500,physician4,4477,8,Other - Confidential,"A,M,C",,Physician4,Tumor,,
7010,pathReportFacId1,4535,25,Pathology,"A,M,C",,PathReportFacId1,Tumor,,
7090,pathReportNumber1,4560,20,Pathology,"A,M,C",,PathReportNumber1,Tumor,,
7320,pathDateSpecCollect1,4580,14,Pathology,"A,M,C",,PathDateSpecCollect1,Tumor,,
7480,pathReportType1,4594,2,Pathology,"A,M,C",,PathReportType1,Tumor,,
7190,pathOrderingFacNo1,4596,25,Pathology,"A,M,C",,PathOrderingFacNo1,Tumor,,
7100,pathOrderPhysLicNo1,4621,20,Pathology,"A,M,C",,PathOrderPhysLicNo1,Tumor,,
7011,pathReportFacId2,4641,25,Pathology,"A,M,C",,PathReportFacId2,Tumor,,
7091,pathReportNumber2,4666,20,Pathology,"A,M,C",,PathReportNumber2,Tumor,,
7321,pathDateSpecCollect2,4686,14,Pathology,"A,M,C",,PathDateSpecCollect2,Tumor,,
7481,pathReportType2,4700,2,Pathology,"A,M,C",,PathReportType2,Tumor,,
7191,pathOrderingFacNo2,4702,25,Pathology,"A,M,C",,PathOrderingFacNo2,Tumor,,
7101,pathOrderPhysLicNo2,4727,20,Pathology,"A,M,C",,PathOrderPhysLicNo2,Tumor,,
7012,pathReportFacId3,4747,25,Pathology,"A,M,C",,PathReportFacId3,Tumor,,
7092,pathReportNumber3,4772,20,Pathology,"A,M,C",,PathReportNumber3,Tumor,,
7322,pathDateSpecCollect3,4792,14,Pathology,"A,M,C",,PathDateSpecCollect3,Tumor,,
7482,pathReportType3,4806,2,Pathology,"A,M,C",,PathReportType3,Tumor,,
7192,pathOrderingFacNo3,4808,25,Pathology,"A,M,C",,PathOrderingFacNo3,Tumor,,
7102,pathOrderPhysLicNo3,4833,20,Pathology,"A,M,C",,PathOrderPhysLicNo3,Tumor,,
7013,pathReportFacId4,4853,25,Pathology,"A,M,C",,PathReportFacId4,Tumor,,
7093,pathReportNumber4,4878,20,Pathology,"A,M,C",,PathReportNumber4,Tumor,,
7323,pathDateSpecCollect4,4898,14,Pathology,"A,M,C",,PathDateSpecCollect4,Tumor,,
7483,pathReportType4,4912,2,Pathology,"A,M,C",,PathReportType4,Tumor,,
7193,pathOrderingFacNo4,4914,25,Pathology,"A,M,C",,PathOrderingFacNo4,Tumor,,
7103,pathOrderPhysLicNo4,4939,20,Pathology,"A,M,C",,PathOrderPhysLicNo4,Tumor,,
7014,pathReportFacId5,4959,25,Pathology,"A,M,C",,PathReportFacId5,Tumor,,
7094,pathReportNumber5,4984,20,Pathology,"A,M,C",,PathReportNumber5,Tumor,,
7324,pathDateSpecCollect5,5004,14,Pathology,"A,M,C",,PathDateSpecCollect5,Tumor,,
7484,pathReportType5,5018,2,Pathology,"A,M,C",,PathReportType5,Tumor,,
7194,pathOrderingFacNo5,5020,25,Pathology,"A,M,C",,PathOrderingFacNo5,Tumor,,
7104,pathOrderPhysLicNo5,5045,20,Pathology,"A,M,C",,PathOrderPhysLicNo5,Tumor,,
2520,textDxProcPe,5565,1000,Text - Diagnosis,"A,M",,TextDxProcPe,Tumor,,
2530,textDxProcXRayScan,6565,1000,Text - Diagnosis,"A,M",,TextDxProcXRayScan,Tumor,,
2540,textDxProcScopes,7565,1000,Text - Diagnosis,"A,M",,TextDxProcScopes,Tumor,,
2550,textDxProcLabTests,8565,1000,Text - Diagnosis,"A,M",,TextDxProcLabTests,Tumor,,
2560,textDxProcOp,9565,1000,Text - Diagnosis,"A,M",,TextDxProcOp,Tumor,,
2570,textDxProcPath,10565,1000,Text - Diagnosis,"A,M",,TextDxProcPath,Tumor,,
2580,textPrimarySiteTitle,11565,100,Text - Diagnosis,"A,M",,TextPrimarySiteTitle,Tumor,,
2590,textHistologyTitle,11665,100,Text - Diagnosis,"A,M",,TextHistologyTitle,Tumor,,
2600,textStaging,11765,1000,Text - Diagnosis,"A,M",,TextStaging,Tumor,,
2610,rxTextSurgery,12765,1000,Text - Treatment,"A,M",,RxTextSurgery,Tumor,,
2620,rxTextRadiationBeam,13765,1000,Text - Treatment,"A,M",,RxTextRadiationBeam,Tumor,,
2630,rxTextRadiationOther,14765,1000,Text - Treatment,"A,M",,RxTextRadiationOther,Tumor,,
2640,rxTextChemo,15765,1000,Text - Treatment,"A,M",,RxTextChemo,Tumor,,
2650,rxTextHormone,16765,1000,Text - Treatment,"A,M",,RxTextHormone,Tumor,,
2660,rxTextBrm,17765,1000,Text - Treatment,"A,M",,RxTextBrm,Tumor,,
2670,rxTextOther,18765,1000,Text - Treatment,"A,M",,RxTextOther,Tumor,,
2680,textRemarks,19765,1000,Text - Miscellaneous,"A,M",,TextRemarks,Tumor,,
2690,placeOfDiagnosis,20765,60,Text - Miscellaneous,"A,M",,PlaceOfDiagnosis,Tumor,,
