naaccrId,naaccrNum,naaccrName,parentXmlElement,dataType,padding,trim,regexValidation,startColumn,length,sourceOfStandard,recordTypes
abstractedBy,570,Abstracted By,Tumor,alpha,,,,742,3,NAACCR51,"A,M,C,I"
accessionNumberHosp,550,Accession Number--Hosp,Tumor,text,,,,731,9,NAACCR51,"A,M,C,I"
addrAtDxCity,70,Addr at DX--City,Tumor,text,,,,95,50,NAACCR51,"A,M,C,I"
addrAtDxCountry,102,Addr at DX--Country,Tumor,alpha,,,,436,3,NAACCR13,"A,M,C,I"
addrAtDxNoStreet,2330,Addr at DX--No &amp; Street,Tumor,text,,,,3628,60,NAACCR51,"A,M,C"
addrAtDxPostalCode,100,Addr at DX--Postal Code,Tumor,digits,,,,147,9,NAACCR51,"A,M,C,I"
addrAtDxState,80,Addr at DX--State,Tumor,alpha,,,,145,2,NAACCR51,"A,M,C,I"
addrAtDxSupplementl,2335,Addr at DX--Supplementl,Tumor,text,,,,3688,60,NAACCR10,"A,M,C"
addrCurrentCity,1810,Addr Current--City,Patient,text,,,,2131,50,NAACCR51,"A,M,C,I"
addrCurrentCountry,1832,Addr Current--Country,Patient,alpha,,,,439,3,NAACCR13,"A,M,C,I"
addrCurrentNoStreet,2350,Addr Current--No &amp; Street,Patient,text,,,,3748,60,NAACCR51,"A,M,C"
addrCurrentPostalCode,1830,Addr Current--Postal Code,Patient,digits,,,,2183,9,NAACCR51,"A,M,C,I"
addrCurrentState,1820,Addr Current--State,Patient,alpha,,,,2181,2,NAACCR51,"A,M,C,I"
addrCurrentSupplementl,2355,Addr Current--Supplementl,Patient,text,,,,3808,60,NAACCR10,"A,M,C"
ageAtDiagnosis,230,Age at Diagnosis,Tumor,digits,,,,193,3,NAACCR51,"A,M,C,I"
ambiguousTerminologyDx,442,Ambiguous Terminology DX,Tumor,digits,,,,566,1,NAACCR11,"A,M,C,I"
archiveFin,3100,Archive FIN,Tumor,digits,,,,721,10,NAACCR10,"A,M,C,I"
autopsy,1930,Autopsy,Patient,digits,,,,2274,1,NAACCR51,"A,M,C,I"
behaviorCodeIcdO3,523,Behavior Code ICD-O-3,Tumor,digits,,,,554,1,NAACCR9,"A,M,C,I"
behaviorIcdO1,1972,Behavior (73-91) ICD-O-1,Tumor,digits,,,,1917,1,NAACCR51,"A,M,C,I"
behaviorIcdO2,430,Behavior (92-00) ICD-O-2,Tumor,digits,,,,549,1,NAACCR51,"A,M,C,I"
birthplace,250,Birthplace,Patient,digits,,,,206,3,NAACCR51,"A,M,C,I"
birthplaceCountry,254,Birthplace--Country,Patient,alpha,,,,444,3,NAACCR13,"A,M,C,I"
birthplaceState,252,Birthplace--State,Patient,alpha,,,,442,2,NAACCR13,"A,M,C,I"
cancerStatus,1770,Cancer Status,Tumor,digits,,,,2127,1,NAACCR51,"A,M,C,I"
casefindingSource,501,Casefinding Source,Tumor,digits,,,,564,2,NAACCR11,"A,M,C,I"
causeOfDeath,1910,Cause of Death,Patient,digits,,,,2269,4,NAACCR51,"A,M,C,I"
censusBlockGroup2000,362,Census Block Group 2000,Tumor,alpha,,,,174,1,NAACCR51,"A,M,C,I"
censusBlockGroup2010,363,Census Block Group 2010,Tumor,digits,,,,434,1,NAACCR121,"A,M,C,I"
censusBlockGrp197090,368,Census Block Grp 1970-90,Tumor,alpha,,,,165,1,NAACCR112,"A,M,C,I"
censusCodSys19708090,120,Census Cod Sys 1970/80/90,Tumor,digits,,,,166,1,NAACCR51,"A,M,C,I"
censusIndCode19702000,280,Census Ind Code 1970-2000,Tumor,digits,,,,212,3,NAACCR51,"A,M,C,I"
censusIndCode2010,272,Census Ind Code 2010,Tumor,text,,,,455,4,NAACCR13,"A,M,C,I"
censusOccCode19702000,270,Census Occ Code 1970-2000,Tumor,digits,,,,209,3,NAACCR51,"A,M,C,I"
censusOccCode2010,282,Census Occ Code 2010,Tumor,digits,,,,459,4,NAACCR13,"A,M,C,I"
censusOccIndSys7000,330,Census Occ/Ind Sys 70-00,Tumor,digits,,,,417,1,NAACCR51,"A,M,C,I"
censusTract19708090,110,Census Tract 1970/80/90,Tumor,integer,leftZero,,,159,6,NAACCR51,"A,M,C,I"
censusTract2000,130,Census Tract 2000,Tumor,integer,leftZero,,,168,6,NAACCR51,"A,M,C,I"
censusTract2010,135,Census Tract 2010,Tumor,integer,leftZero,,,428,6,NAACCR121,"A,M,C,I"
censusTrCert19708090,364,Census Tr Cert 1970/80/90,Tumor,digits,,,,167,1,NAACCR51,"A,M,C,I"
censusTrCertainty2000,365,Census Tr Certainty 2000,Tumor,digits,,,,175,1,NAACCR10,"A,M,C,I"
censusTrCertainty2010,367,Census Tr Certainty 2010,Tumor,digits,,,,435,1,NAACCR121,"A,M,C,I"
censusTrPovertyIndictr,145,Census Tr Poverty Indictr,Tumor,digits,,,,463,1,NAACCR13,"A,M,C,I"
classOfCase,610,Class of Case,Tumor,digits,,,,776,2,NAACCR51,"A,M,C,I"
cocCodingSysCurrent,2140,CoC Coding Sys--Current,Tumor,digits,,,,1932,2,NAACCR51,"A,M,C,I"
cocCodingSysOriginal,2150,CoC Coding Sys--Original,Tumor,digits,,,,1934,2,NAACCR51,"A,M,C,I"
codingSystemForEod,870,Coding System for EOD,Tumor,digits,,,,937,1,NAACCR51,"A,M,C,I"
comorbidComplication1,3110,Comorbid/Complication 1,Tumor,digits,,,,1186,5,NAACCR10,"A,M,C,I"
comorbidComplication10,3164,Comorbid/Complication 10,Tumor,digits,,,,1231,5,NAACCR11,"A,M,C,I"
comorbidComplication2,3120,Comorbid/Complication 2,Tumor,digits,,,,1191,5,NAACCR10,"A,M,C,I"
comorbidComplication3,3130,Comorbid/Complication 3,Tumor,digits,,,,1196,5,NAACCR10,"A,M,C,I"
comorbidComplication4,3140,Comorbid/Complication 4,Tumor,digits,,,,1201,5,NAACCR10,"A,M,C,I"
comorbidComplication5,3150,Comorbid/Complication 5,Tumor,digits,,,,1206,5,NAACCR10,"A,M,C,I"
comorbidComplication6,3160,Comorbid/Complication 6,Tumor,digits,,,,1211,5,NAACCR10,"A,M,C,I"
comorbidComplication7,3161,Comorbid/Complication 7,Tumor,digits,,,,1216,5,NAACCR11,"A,M,C,I"
comorbidComplication8,3162,Comorbid/Complication 8,Tumor,digits,,,,1221,5,NAACCR11,"A,M,C,I"
comorbidComplication9,3163,Comorbid/Complication 9,Tumor,digits,,,,1226,5,NAACCR11,"A,M,C,I"
computedEthnicity,200,Computed Ethnicity,Patient,digits,,,,190,1,NAACCR51,"A,M,C,I"
computedEthnicitySource,210,Computed Ethnicity Source,Patient,digits,,,,191,1,NAACCR51,"A,M,C,I"
countyAtDx,90,County at DX,Tumor,alpha,,,,156,3,NAACCR51,"A,M,C,I"
countyCurrent,1840,County--Current,Patient,alpha,,,,2192,3,NAACCR51,"A,M,C,I"
crcChecksum,2081,CRC CHECKSUM,Tumor,integer,,,,1920,10,NAACCR6,"A,M,C,I"
csExtension,2810,CS Extension,Tumor,digits,,,,988,3,NAACCR10,"A,M,C,I"
csLymphNodes,2830,CS Lymph Nodes,Tumor,digits,,,,992,3,NAACCR10,"A,M,C,I"
csLymphNodesEval,2840,CS Lymph Nodes Eval,Tumor,digits,,,,995,1,NAACCR10,"A,M,C,I"
csMetsAtDx,2850,CS Mets at DX,Tumor,digits,,,,996,2,NAACCR10,"A,M,C,I"
csMetsAtDxBone,2851,CS Mets at Dx-Bone,Tumor,digits,,,,999,1,NAACCR12,"A,M,C,I"
csMetsAtDxBrain,2852,CS Mets at Dx-Brain,Tumor,digits,,,,1000,1,NAACCR12,"A,M,C,I"
csMetsAtDxLiver,2853,CS Mets at Dx-Liver,Tumor,digits,,,,1001,1,NAACCR12,"A,M,C,I"
csMetsAtDxLung,2854,CS Mets at Dx-Lung,Tumor,digits,,,,1002,1,NAACCR12,"A,M,C,I"
csMetsEval,2860,CS Mets Eval,Tumor,digits,,,,998,1,NAACCR10,"A,M,C,I"
csPostrxExtension,2775,CS PostRx Extension,Tumor,integer,,,,1095,3,NAACCR12,"A,M,C,I"
csPostrxLymphNodes,2780,CS PostRx Lymph Nodes,Tumor,integer,,,,1098,3,NAACCR12,"A,M,C,I"
csPostrxMetsAtDx,2785,CS PostRx Mets at DX,Tumor,integer,,,,1101,2,NAACCR12,"A,M,C,I"
csPostrxTumorSize,2770,CS PostRx Tumor Size,Tumor,integer,,,,1092,3,NAACCR12,"A,M,C,I"
csPrerxExtension,2735,CS PreRx Extension,Tumor,integer,,,,1081,3,NAACCR12,"A,M,C,I"
csPrerxLymphNodes,2750,CS PreRx Lymph Nodes,Tumor,integer,,,,1085,3,NAACCR12,"A,M,C,I"
csPrerxMetsAtDx,2760,CS PreRx Mets at DX,Tumor,integer,,,,1089,2,NAACCR12,"A,M,C,I"
csPrerxMetsEval,2765,CS PreRx Mets Eval,Tumor,integer,,,,1091,1,NAACCR12,"A,M,C,I"
csPrerxRegNodesEval,2755,CS PreRx Reg Nodes Eval,Tumor,integer,,,,1088,1,NAACCR12,"A,M,C,I"
csPrerxTumorSize,2730,CS PreRx Tumor Size,Tumor,integer,,,,1078,3,NAACCR12,"A,M,C,I"
csPrerxTumSzExtEval,2740,CS PreRx Tum Sz/Ext Eval,Tumor,integer,,,,1084,1,NAACCR12,"A,M,C,I"
csSiteSpecificFactor1,2880,CS Site-Specific Factor 1,Tumor,digits,,,,1003,3,NAACCR10,"A,M,C,I"
csSiteSpecificFactor10,2864,CS Site-Specific Factor10,Tumor,digits,,,,1030,3,NAACCR12,"A,M,C,I"
csSiteSpecificFactor11,2865,CS Site-Specific Factor11,Tumor,digits,,,,1033,3,NAACCR12,"A,M,C,I"
csSiteSpecificFactor12,2866,CS Site-Specific Factor12,Tumor,digits,,,,1036,3,NAACCR12,"A,M,C,I"
csSiteSpecificFactor13,2867,CS Site-Specific Factor13,Tumor,digits,,,,1039,3,NAACCR12,"A,M,C,I"
csSiteSpecificFactor14,2868,CS Site-Specific Factor14,Tumor,digits,,,,1042,3,NAACCR12,"A,M,C,I"
csSiteSpecificFactor15,2869,CS Site-Specific Factor15,Tumor,digits,,,,1045,3,NAACCR12,"A,M,C,I"
csSiteSpecificFactor16,2870,CS Site-Specific Factor16,Tumor,digits,,,,1048,3,NAACCR12,"A,M,C,I"
csSiteSpecificFactor17,2871,CS Site-Specific Factor17,Tumor,digits,,,,1051,3,NAACCR12,"A,M,C,I"
csSiteSpecificFactor18,2872,CS Site-Specific Factor18,Tumor,digits,,,,1054,3,NAACCR12,"A,M,C,I"
csSiteSpecificFactor19,2873,CS Site-Specific Factor19,Tumor,digits,,,,1057,3,NAACCR12,"A,M,C,I"
csSiteSpecificFactor2,2890,CS Site-Specific Factor 2,Tumor,digits,,,,1006,3,NAACCR10,"A,M,C,I"
csSiteSpecificFactor20,2874,CS Site-Specific Factor20,Tumor,digits,,,,1060,3,NAACCR12,"A,M,C,I"
csSiteSpecificFactor21,2875,CS Site-Specific Factor21,Tumor,digits,,,,1063,3,NAACCR12,"A,M,C,I"
csSiteSpecificFactor22,2876,CS Site-Specific Factor22,Tumor,digits,,,,1066,3,NAACCR12,"A,M,C,I"
csSiteSpecificFactor23,2877,CS Site-Specific Factor23,Tumor,digits,,,,1069,3,NAACCR12,"A,M,C,I"
csSiteSpecificFactor24,2878,CS Site-Specific Factor24,Tumor,digits,,,,1072,3,NAACCR12,"A,M,C,I"
csSiteSpecificFactor25,2879,CS Site-Specific Factor25,Tumor,digits,,,,1075,3,NAACCR12,"A,M,C,I"
csSiteSpecificFactor3,2900,CS Site-Specific Factor 3,Tumor,digits,,,,1009,3,NAACCR10,"A,M,C,I"
csSiteSpecificFactor4,2910,CS Site-Specific Factor 4,Tumor,digits,,,,1012,3,NAACCR10,"A,M,C,I"
csSiteSpecificFactor5,2920,CS Site-Specific Factor 5,Tumor,digits,,,,1015,3,NAACCR10,"A,M,C,I"
csSiteSpecificFactor6,2930,CS Site-Specific Factor 6,Tumor,digits,,,,1018,3,NAACCR10,"A,M,C,I"
csSiteSpecificFactor7,2861,CS Site-Specific Factor 7,Tumor,digits,,,,1021,3,NAACCR12,"A,M,C,I"
csSiteSpecificFactor8,2862,CS Site-Specific Factor 8,Tumor,digits,,,,1024,3,NAACCR12,"A,M,C,I"
csSiteSpecificFactor9,2863,CS Site-Specific Factor 9,Tumor,digits,,,,1027,3,NAACCR12,"A,M,C,I"
csTumorSize,2800,CS Tumor Size,Tumor,digits,,,,985,3,NAACCR10,"A,M,C,I"
csTumorSizeExtEval,2820,CS Tumor Size/Ext Eval,Tumor,digits,,,,991,1,NAACCR10,"A,M,C,I"
csVersionDerived,2936,CS Version Derived,Tumor,text,,,,1173,6,NAACCR101,"A,M,C,I"
csVersionInputCurrent,2937,CS Version Input Current,Tumor,alpha,,,,1161,6,NAACCR12,"A,M,C,I"
csVersionInputOriginal,2935,CS Version Input Original,Tumor,alpha,,,,1167,6,NAACCR101,"A,M,C,I"
date1stCrsRxCoc,1270,Date 1st Crs RX CoC,Tumor,date,,,,1446,8,NAACCR51,"A,M,C,I"
date1stCrsRxCocFlag,1271,Date 1st Crs RX CoC Flag,Tumor,digits,,,,1454,2,NAACCR12,"A,M,C,I"
dateCaseCompleted,2090,Date Case Completed,Tumor,date,,,,1959,8,NAACCR51,"A,M,C,I"
dateCaseCompletedCoc,2092,Date Case Completed--CoC,Tumor,date,,,,1967,8,NAACCR12,"A,M,C,I"
dateCaseInitiated,2085,Date Case Initiated,Tumor,date,,,,1951,8,NAACCR12,"A,M,C,I"
dateCaseLastChanged,2100,Date Case Last Changed,Tumor,date,,,,1975,8,NAACCR51,"A,M,C,I"
dateCaseReportExported,2110,Date Case Report Exported,Tumor,date,,,,1983,8,NAACCR51,"A,M,C,I"
dateCaseReportLoaded,2112,Date Case Report Loaded,Tumor,date,,,,1999,8,NAACCR6,"A,M,C,I"
dateCaseReportReceived,2111,Date Case Report Received,Tumor,date,,,,1991,8,NAACCR6,"A,M,C,I"
dateConclusiveDx,443,Date Conclusive DX,Tumor,date,,,,567,8,NAACCR11,"A,M,C,I"
dateConclusiveDxFlag,448,Date Conclusive DX Flag,Tumor,digits,,,,575,2,NAACCR12,"A,M,C,I"
dateInitialRxSeer,1260,Date Initial RX SEER,Tumor,date,,,,1436,8,NAACCR51,"A,M,C,I"
dateInitialRxSeerFlag,1261,Date Initial RX SEER Flag,Tumor,digits,,,,1444,2,NAACCR12,"A,M,C,I"
dateOf1stContact,580,Date of 1st Contact,Tumor,date,,,,745,8,NAACCR51,"A,M,C,I"
dateOf1stContactFlag,581,Date of 1st Contact Flag,Tumor,digits,,,,753,2,NAACCR12,"A,M,C,I"
dateOfBirth,240,Date of Birth,Patient,date,,,,196,8,NAACCR51,"A,M,C,I"
dateOfBirthFlag,241,Date of Birth Flag,Patient,digits,,,,204,2,NAACCR12,"A,M,C,I"
dateOfDeathCanada,1755,Date of Death--Canada,Patient,date,,,,2280,8,NAACCR113,"A,M,C,I"
dateOfDeathCanadaFlag,1756,Date of Death--Canada Flag,Patient,digits,,,,2288,2,NAACCR12,"A,M,C,I"
dateOfDiagnosis,390,Date of Diagnosis,Tumor,date,,,,530,8,NAACCR51,"A,M,C,I"
dateOfDiagnosisFlag,391,Date of Diagnosis Flag,Tumor,digits,,,,538,2,NAACCR12,"A,M,C,I"
dateOfInptAdm,590,Date of Inpt Adm,Tumor,date,,,,755,8,NAACCR51,"A,M,C,I"
dateOfInptAdmFlag,591,Date of Inpt Adm Flag,Tumor,digits,,,,763,2,NAACCR12,"A,M,C,I"
dateOfInptDisch,600,Date of Inpt Disch,Tumor,date,,,,765,8,NAACCR51,"A,M,C,I"
dateOfInptDischFlag,601,Date of Inpt Disch Flag,Tumor,digits,,,,773,2,NAACCR12,"A,M,C,I"
dateOfLastContact,1750,Date of Last Contact,Patient,date,,,,2116,8,NAACCR51,"A,M,C,I"
dateOfLastContactFlag,1751,Date of Last Contact Flag,Patient,digits,,,,2124,2,NAACCR12,"A,M,C,I"
dateOfMultTumors,445,Date of Mult Tumors,Tumor,date,,,,579,8,NAACCR11,"A,M,C,I"
dateOfMultTumorsFlag,439,Date of Mult Tumors Flag,Tumor,digits,,,,587,2,NAACCR12,"A,M,C,I"
dateTumorRecordAvailbl,2113,Date Tumor Record Availbl,Tumor,date,,,,2007,8,NAACCR6,"A,M,C,I"
dcStateFileNumber,2380,DC State File Number,Patient,alpha,,,,3878,6,NAACCR51,"A,M,C"
derivedAjcc6M,2980,Derived AJCC-6 M,Tumor,digits,,,,1109,2,NAACCR10,"A,M,C,I"
derivedAjcc6MDescript,2990,Derived AJCC-6 M Descript,Tumor,digits,,,,1111,1,NAACCR10,"A,M,C,I"
derivedAjcc6N,2960,Derived AJCC-6 N,Tumor,digits,,,,1106,2,NAACCR10,"A,M,C,I"
derivedAjcc6NDescript,2970,Derived AJCC-6 N Descript,Tumor,digits,,,,1108,1,NAACCR10,"A,M,C,I"
derivedAjcc6StageGrp,3000,Derived AJCC-6 Stage Grp,Tumor,digits,,,,1112,2,NAACCR10,"A,M,C,I"
derivedAjcc6T,2940,Derived AJCC-6 T,Tumor,digits,,,,1103,2,NAACCR10,"A,M,C,I"
derivedAjcc6TDescript,2950,Derived AJCC-6 T Descript,Tumor,digits,,,,1105,1,NAACCR10,"A,M,C,I"
derivedAjcc7M,3420,Derived AJCC-7 M,Tumor,digits,,,,1122,3,NAACCR12,"A,M,C,I"
derivedAjcc7MDescript,3422,Derived AJCC-7 M Descript,Tumor,digits,,,,1125,1,NAACCR12,"A,M,C,I"
derivedAjcc7N,3410,Derived AJCC-7 N,Tumor,digits,,,,1118,3,NAACCR12,"A,M,C,I"
derivedAjcc7NDescript,3412,Derived AJCC-7 N Descript,Tumor,digits,,,,1121,1,NAACCR12,"A,M,C,I"
derivedAjcc7StageGrp,3430,Derived AJCC-7 Stage Grp,Tumor,digits,,,,1126,3,NAACCR12,"A,M,C,I"
derivedAjcc7T,3400,Derived AJCC-7 T,Tumor,digits,,,,1114,3,NAACCR12,"A,M,C,I"
derivedAjcc7TDescript,3402,Derived AJCC-7 T Descript,Tumor,digits,,,,1117,1,NAACCR12,"A,M,C,I"
derivedAjccFlag,3030,Derived AJCC--Flag,Tumor,digits,,,,1158,1,NAACCR10,"A,M,C,I"
derivedNeoadjuvRxFlag,3600,Derived Neoadjuv Rx Flag,Tumor,digits,,,,1157,1,NAACCR12,"A,M,C,I"
derivedPostrx7M,3490,Derived PostRx-7 M,Tumor,digits,,,,1150,2,NAACCR12,"A,M,C,I"
derivedPostrx7N,3482,Derived PostRx-7 N,Tumor,digits,,,,1147,3,NAACCR12,"A,M,C,I"
derivedPostrx7StgeGrp,3492,Derived PostRx-7 Stge Grp,Tumor,digits,,,,1152,3,NAACCR12,"A,M,C,I"
derivedPostrx7T,3480,Derived PostRx-7 T,Tumor,digits,,,,1144,3,NAACCR12,"A,M,C,I"
derivedPrerx7M,3460,Derived PreRx-7 M,Tumor,digits,,,,1137,3,NAACCR12,"A,M,C,I"
derivedPrerx7MDescrip,3462,Derived PreRx-7 M Descrip,Tumor,digits,,,,1140,1,NAACCR12,"A,M,C,I"
derivedPrerx7N,3450,Derived PreRx-7 N,Tumor,digits,,,,1133,3,NAACCR12,"A,M,C,I"
derivedPrerx7NDescrip,3452,Derived PreRx-7 N Descrip,Tumor,digits,,,,1136,1,NAACCR12,"A,M,C,I"
derivedPrerx7StageGrp,3470,Derived PreRx-7 Stage Grp,Tumor,digits,,,,1141,3,NAACCR12,"A,M,C,I"
derivedPrerx7T,3440,Derived PreRx-7 T,Tumor,digits,,,,1129,3,NAACCR12,"A,M,C,I"
derivedPrerx7TDescrip,3442,Derived PreRx-7 T Descrip,Tumor,digits,,,,1132,1,NAACCR12,"A,M,C,I"
derivedSs1977,3010,Derived SS1977,Tumor,digits,,,,1155,1,NAACCR10,"A,M,C,I"
derivedSs1977Flag,3040,Derived SS1977--Flag,Tumor,digits,,,,1159,1,NAACCR10,"A,M,C,I"
derivedSs2000,3020,Derived SS2000,Tumor,digits,,,,1156,1,NAACCR10,"A,M,C,I"
derivedSs2000Flag,3050,Derived SS2000--Flag,Tumor,digits,,,,1160,1,NAACCR10,"A,M,C,I"
diagnosticConfirmation,490,Diagnostic Confirmation,Tumor,digits,,,,562,1,NAACCR51,"A,M,C,I"
diagnosticProc7387,2200,Diagnostic Proc 73-87,Tumor,alpha,,,,1949,2,NAACCR51,"A,M,C,I"
eodExtension,790,EOD--Extension,Tumor,alpha,,,,909,2,NAACCR51,"A,M,C,I"
eodExtensionProstPath,800,EOD--Extension Prost Path,Tumor,digits,,,,911,2,NAACCR51,"A,M,C,I"
eodLymphNodeInvolv,810,EOD--Lymph Node Involv,Tumor,alpha,,,,913,1,NAACCR51,"A,M,C,I"
eodOld13Digit,840,EOD--Old 13 Digit,Tumor,alpha,,,,918,13,NAACCR51,"A,M,C,I"
eodOld2Digit,850,EOD--Old 2 Digit,Tumor,alpha,,,,931,2,NAACCR51,"A,M,C,I"
eodOld4Digit,860,EOD--Old 4 Digit,Tumor,alpha,,,,933,4,NAACCR51,"A,M,C,I"
eodTumorSize,780,EOD--Tumor Size,Tumor,text,,,,906,3,NAACCR51,"A,M,C,I"
followingRegistry,2440,Following Registry,Tumor,integer,leftZero,,,4295,10,NAACCR51,"A,M,C"
followUpContactCity,1842,Follow-Up Contact--City,Tumor,text,,,,2208,50,NAACCR6,"A,M,C,I"
followupContactCountry,1847,FollowUp Contact--Country,Tumor,alpha,,,,447,3,NAACCR13,"A,M,C,I"
followUpContactName,2394,Follow-Up Contact--Name,Tumor,text,,,,3884,60,NAACCR6,"A,M,C"
followUpContactNost,2392,Follow-Up Contact--No&amp;St,Tumor,text,,,,3944,60,NAACCR6,"A,M,C"
followUpContactPostal,1846,Follow-Up Contact--Postal,Tumor,digits,,,,2260,9,NAACCR6,"A,M,C,I"
followUpContactState,1844,Follow-Up Contact--State,Tumor,alpha,,,,2258,2,NAACCR6,"A,M,C,I"
followUpContactSuppl,2393,Follow-Up Contact--Suppl,Tumor,text,,,,4004,60,NAACCR10,"A,M,C"
followUpSource,1790,Follow-Up Source,Tumor,digits,,,,2129,1,NAACCR51,"A,M,C,I"
followUpSourceCentral,1791,Follow-up Source Central,Tumor,digits,,,,2278,2,NAACCR11,"A,M,C,I"
gisCoordinateQuality,366,GIS Coordinate Quality,Tumor,digits,,,,422,2,NAACCR11,"A,M,C,I"
grade,440,Grade,Tumor,digits,,,,555,1,NAACCR51,"A,M,C,I"
gradeIcdO1,1973,Grade (73-91) ICD-O-1,Tumor,digits,,,,1918,1,NAACCR51,"A,M,C,I"
gradePathSystem,449,Grade Path System,Tumor,digits,,,,557,1,NAACCR12,"A,M,C,I"
gradePathValue,441,Grade Path Value,Tumor,digits,,,,556,1,NAACCR12,"A,M,C,I"
histologicTypeIcdO3,522,Histologic Type ICD-O-3,Tumor,digits,,,,550,4,NAACCR9,"A,M,C,I"
histologyIcdO1,1971,Histology (73-91) ICD-O-1,Tumor,digits,,,,1913,4,NAACCR51,"A,M,C,I"
histologyIcdO2,420,Histology (92-00) ICD-O-2,Tumor,digits,,,,545,4,NAACCR51,"A,M,C,I"
icdO2ConversionFlag,1980,ICD-O-2 Conversion Flag,Tumor,digits,,,,1919,1,NAACCR51,"A,M,C,I"
icdO3ConversionFlag,2116,ICD-O-3 Conversion Flag,Tumor,digits,,,,2015,1,NAACCR9,"A,M,C,I"
icdRevisionComorbid,3165,ICD Revision Comorbid,Tumor,digits,,,,1185,1,NAACCR11,"A,M,C,I"
icdRevisionNumber,1920,ICD Revision Number,Patient,digits,,,,2273,1,NAACCR51,"A,M,C,I"
ihsLink,192,IHS Link,Patient,digits,,,,421,1,NAACCR11,"A,M,C,I"
industrySource,300,Industry Source,Tumor,digits,,,,216,1,NAACCR51,"A,M,C,I"
inpatientStatus,605,Inpatient Status,Tumor,digits,,,,775,1,NAACCR12,"A,M,C,I"
institutionReferredFrom,2410,Institution Referred From,Tumor,integer,leftZero,,,4315,10,NAACCR51,"A,M,C"
institutionReferredTo,2420,Institution Referred To,Tumor,integer,leftZero,,,4335,10,NAACCR51,"A,M,C"
laterality,410,Laterality,Tumor,digits,,,,544,1,NAACCR51,"A,M,C,I"
latitude,2352,Latitude,Tumor,text,,,,4064,10,NAACCR10,"A,M,C"
longitude,2354,Longitude,Tumor,text,,,,4074,11,NAACCR10,"A,M,C"
lymphVascularInvasion,1182,Lymph-vascular Invasion,Tumor,digits,,,,984,1,NAACCR12,"A,M,C,I"
maritalStatusAtDx,150,Marital Status at DX,Tumor,digits,,,,176,1,NAACCR51,"A,M,C,I"
medicalRecordNumber,2300,Medical Record Number,Tumor,text,,,,3606,11,NAACCR51,"A,M,C"
militaryRecordNoSuffix,2310,Military Record No Suffix,Tumor,digits,,,,3617,2,NAACCR51,"A,M,C"
morphCodingSysCurrent,470,Morph Coding Sys--Current,Tumor,digits,,,,560,1,NAACCR51,"A,M,C,I"
morphCodingSysOriginl,480,Morph Coding Sys--Originl,Tumor,digits,,,,561,1,NAACCR51,"A,M,C,I"
multiplicityCounter,446,Multiplicity Counter,Tumor,digits,,,,589,2,NAACCR11,"A,M,C,I"
multTumRptAsOnePrim,444,Mult Tum Rpt as One Prim,Tumor,digits,,,,577,2,NAACCR11,"A,M,C,I"
naaccrRecordVersion,50,NAACCR Record Version,NaaccrData,digits,,,,17,3,NAACCR51,"A,M,C,I"
nameAlias,2280,Name--Alias,Patient,text,,,,3466,40,NAACCR51,"A,M,C"
nameFirst,2240,Name--First,Patient,text,,,,3380,40,NAACCR51,"A,M,C"
nameLast,2230,Name--Last,Patient,text,,,,3340,40,NAACCR51,"A,M,C"
nameMaiden,2390,Name--Maiden,Patient,text,,,,3506,40,NAACCR51,"A,M,C"
nameMiddle,2250,Name--Middle,Patient,text,,,,3420,40,NAACCR51,"A,M,C"
namePrefix,2260,Name--Prefix,Patient,alpha,,,,3460,3,NAACCR51,"A,M,C"
nameSpouseParent,2290,Name--Spouse/Parent,Tumor,text,,,,3546,60,NAACCR51,"A,M,C"
nameSuffix,2270,Name--Suffix,Patient,text,,,,3463,3,NAACCR51,"A,M,C"
nextFollowUpSource,1800,Next Follow-Up Source,Tumor,digits,,,,2130,1,NAACCR51,"A,M,C,I"
nhiaDerivedHispOrigin,191,NHIA Derived Hisp Origin,Patient,digits,,,,418,1,NAACCR102,"A,M,C,I"
npiArchiveFin,3105,NPI--Archive FIN,Tumor,text,,,,711,10,NAACCR111,"A,M,C,I"
npiFollowingRegistry,2445,NPI--Following Registry,Tumor,integer,leftZero,,,4285,10,NAACCR111,"A,M,C"
npiInstReferredFrom,2415,NPI--Inst Referred From,Tumor,integer,leftZero,,,4305,10,NAACCR111,"A,M,C"
npiInstReferredTo,2425,NPI--Inst Referred To,Tumor,integer,leftZero,,,4325,10,NAACCR111,"A,M,C"
npiPhysician3,2495,NPI--Physician 3,Tumor,integer,leftZero,,,4449,10,NAACCR111,"A,M,C"
npiPhysician4,2505,NPI--Physician 4,Tumor,integer,leftZero,,,4467,10,NAACCR111,"A,M,C"
npiPhysicianFollowUp,2475,NPI--Physician--Follow-Up,Tumor,integer,leftZero,,,4413,10,NAACCR111,"A,M,C"
npiPhysicianManaging,2465,NPI--Physician--Managing,Tumor,integer,leftZero,,,4395,10,NAACCR111,"A,M,C"
npiPhysicianPrimarySurg,2485,NPI--Physician--Primary Surg,Tumor,integer,leftZero,,,4431,10,NAACCR111,"A,M,C"
npiRegistryId,45,NPI--Registry ID,NaaccrData,integer,leftZero,,,20,10,NAACCR111,"A,M,C,I"
npiReportingFacility,545,NPI--Reporting Facility,Tumor,integer,leftZero,,,691,10,NAACCR111,"A,M,C,I"
occupationSource,290,Occupation Source,Tumor,digits,,,,215,1,NAACCR51,"A,M,C,I"
overRideAcsnClassSeq,1985,Over-ride Acsn/Class/Seq,Tumor,digits,,,,1891,1,NAACCR9,"A,M,C,I"
overRideAgeSiteMorph,1990,Over-ride Age/Site/Morph,Tumor,digits,,,,1896,1,NAACCR51,"A,M,C,I"
overRideCocSiteType,1987,Over-ride CoC-Site/Type,Tumor,digits,,,,1893,1,NAACCR9,"A,M,C,I"
overRideCs1,3750,Over-ride CS 1,Tumor,digits,,,,2016,1,NAACCR121,"A,M,C,I"
overRideCs10,3759,Over-ride CS 10,Tumor,digits,,,,2025,1,NAACCR121,"A,M,C,I"
overRideCs11,3760,Over-ride CS 11,Tumor,digits,,,,2026,1,NAACCR121,"A,M,C,I"
overRideCs12,3761,Over-ride CS 12,Tumor,digits,,,,2027,1,NAACCR121,"A,M,C,I"
overRideCs13,3762,Over-ride CS 13,Tumor,digits,,,,2028,1,NAACCR121,"A,M,C,I"
overRideCs14,3763,Over-ride CS 14,Tumor,digits,,,,2029,1,NAACCR121,"A,M,C,I"
overRideCs15,3764,Over-ride CS 15,Tumor,digits,,,,2030,1,NAACCR121,"A,M,C,I"
overRideCs16,3765,Over-ride CS 16,Tumor,digits,,,,2031,1,NAACCR121,"A,M,C,I"
overRideCs17,3766,Over-ride CS 17,Tumor,digits,,,,2032,1,NAACCR121,"A,M,C,I"
overRideCs18,3767,Over-ride CS 18,Tumor,digits,,,,2033,1,NAACCR121,"A,M,C,I"
overRideCs19,3768,Over-ride CS 19,Tumor,digits,,,,2034,1,NAACCR121,"A,M,C,I"
overRideCs2,3751,Over-ride CS 2,Tumor,digits,,,,2017,1,NAACCR121,"A,M,C,I"
overRideCs20,3769,Over-ride CS 20,Tumor,digits,,,,2035,1,NAACCR121,"A,M,C,I"
overRideCs3,3752,Over-ride CS 3,Tumor,digits,,,,2018,1,NAACCR121,"A,M,C,I"
overRideCs4,3753,Over-ride CS 4,Tumor,digits,,,,2019,1,NAACCR121,"A,M,C,I"
overRideCs5,3754,Over-ride CS 5,Tumor,digits,,,,2020,1,NAACCR121,"A,M,C,I"
overRideCs6,3755,Over-ride CS 6,Tumor,digits,,,,2021,1,NAACCR121,"A,M,C,I"
overRideCs7,3756,Over-ride CS 7,Tumor,digits,,,,2022,1,NAACCR121,"A,M,C,I"
overRideCs8,3757,Over-ride CS 8,Tumor,digits,,,,2023,1,NAACCR121,"A,M,C,I"
overRideCs9,3758,Over-ride CS 9,Tumor,digits,,,,2024,1,NAACCR121,"A,M,C,I"
overRideHistology,2040,Over-ride Histology,Tumor,digits,,,,1901,1,NAACCR51,"A,M,C,I"
overRideHospseqDxconf,1986,Over-ride HospSeq/DxConf,Tumor,digits,,,,1892,1,NAACCR9,"A,M,C,I"
overRideHospseqSite,1988,Over-ride HospSeq/Site,Tumor,digits,,,,1894,1,NAACCR9,"A,M,C,I"
overRideIllDefineSite,2060,Over-ride Ill-define Site,Tumor,digits,,,,1903,1,NAACCR51,"A,M,C,I"
overRideLeukLymphoma,2070,"Over-ride Leuk,  Lymphoma",Tumor,digits,,,,1904,1,NAACCR51,"A,M,C,I"
overRideReportSource,2050,Over-ride Report Source,Tumor,digits,,,,1902,1,NAACCR51,"A,M,C,I"
overRideSeqnoDxconf,2000,Over-ride SeqNo/DxConf,Tumor,digits,,,,1897,1,NAACCR51,"A,M,C,I"
overRideSiteBehavior,2071,Over-ride Site/Behavior,Tumor,digits,,,,1905,1,NAACCR51,"A,M,C,I"
overRideSiteEodDxDt,2072,Over-ride Site/EOD/DX Dt,Tumor,digits,,,,1906,1,NAACCR51,"A,M,C,I"
overRideSiteLatEod,2073,Over-ride Site/Lat/EOD,Tumor,digits,,,,1907,1,NAACCR51,"A,M,C,I"
overRideSiteLatMorph,2074,Over-ride Site/Lat/Morph,Tumor,digits,,,,1908,1,NAACCR51,"A,M,C,I"
overRideSiteLatSeqno,2010,Over-ride Site/Lat/SeqNo,Tumor,digits,,,,1898,1,NAACCR51,"A,M,C,I"
overRideSiteTnmStggrp,1989,Over-ride Site/TNM-StgGrp,Tumor,digits,,,,1895,1,NAACCR9,"A,M,C,I"
overRideSiteType,2030,Over-ride Site/Type,Tumor,digits,,,,1900,1,NAACCR51,"A,M,C,I"
overRideSsNodespos,1981,Over-ride SS/NodesPos,Tumor,digits,,,,1888,1,NAACCR9,"A,M,C,I"
overRideSsTnmM,1983,Over-ride SS/TNM-M,Tumor,digits,,,,1890,1,NAACCR9,"A,M,C,I"
overRideSsTnmN,1982,Over-ride SS/TNM-N,Tumor,digits,,,,1889,1,NAACCR9,"A,M,C,I"
overRideSurgDxconf,2020,Over-ride Surg/DxConf,Tumor,digits,,,,1899,1,NAACCR51,"A,M,C,I"
pathDateSpecCollect1,7320,Path Date Spec Collect 1,Tumor,text,,,,4580,14,NAACCR12,"A,M,C"
pathDateSpecCollect2,7321,Path Date Spec Collect 2,Tumor,text,,,,4686,14,NAACCR12,"A,M,C"
pathDateSpecCollect3,7322,Path Date Spec Collect 3,Tumor,text,,,,4792,14,NAACCR12,"A,M,C"
pathDateSpecCollect4,7323,Path Date Spec Collect 4,Tumor,text,,,,4898,14,NAACCR12,"A,M,C"
pathDateSpecCollect5,7324,Path Date Spec Collect 5,Tumor,text,,,,5004,14,NAACCR12,"A,M,C"
pathOrderingFacNo1,7190,Path Ordering Fac No 1,Tumor,text,,,,4596,25,NAACCR12,"A,M,C"
pathOrderingFacNo2,7191,Path Ordering Fac No 2,Tumor,text,,,,4702,25,NAACCR12,"A,M,C"
pathOrderingFacNo3,7192,Path Ordering Fac No 3,Tumor,text,,,,4808,25,NAACCR12,"A,M,C"
pathOrderingFacNo4,7193,Path Ordering Fac No 4,Tumor,text,,,,4914,25,NAACCR12,"A,M,C"
pathOrderingFacNo5,7194,Path Ordering Fac No 5,Tumor,text,,,,5020,25,NAACCR12,"A,M,C"
pathOrderPhysLicNo1,7100,Path Order Phys Lic No 1,Tumor,text,,,,4621,20,NAACCR12,"A,M,C"
pathOrderPhysLicNo2,7101,Path Order Phys Lic No 2,Tumor,text,,,,4727,20,NAACCR12,"A,M,C"
pathOrderPhysLicNo3,7102,Path Order Phys Lic No 3,Tumor,text,,,,4833,20,NAACCR12,"A,M,C"
pathOrderPhysLicNo4,7103,Path Order Phys Lic No 4,Tumor,text,,,,4939,20,NAACCR12,"A,M,C"
pathOrderPhysLicNo5,7104,Path Order Phys Lic No 5,Tumor,text,,,,5045,20,NAACCR12,"A,M,C"
pathReportingFacId1,7010,Path Reporting Fac ID 1,Tumor,text,,,,4535,25,NAACCR12,"A,M,C"
pathReportingFacId2,7011,Path Reporting Fac ID 2,Tumor,text,,,,4641,25,NAACCR12,"A,M,C"
pathReportingFacId3,7012,Path Reporting Fac ID 3,Tumor,text,,,,4747,25,NAACCR12,"A,M,C"
pathReportingFacId4,7013,Path Reporting Fac ID 4,Tumor,text,,,,4853,25,NAACCR12,"A,M,C"
pathReportingFacId5,7014,Path Reporting Fac ID 5,Tumor,text,,,,4959,25,NAACCR12,"A,M,C"
pathReportNumber1,7090,Path Report Number 1,Tumor,text,,,,4560,20,NAACCR12,"A,M,C"
pathReportNumber2,7091,Path Report Number 2,Tumor,text,,,,4666,20,NAACCR12,"A,M,C"
pathReportNumber3,7092,Path Report Number 3,Tumor,text,,,,4772,20,NAACCR12,"A,M,C"
pathReportNumber4,7093,Path Report Number 4,Tumor,text,,,,4878,20,NAACCR12,"A,M,C"
pathReportNumber5,7094,Path Report Number 5,Tumor,text,,,,4984,20,NAACCR12,"A,M,C"
pathReportType1,7480,Path Report Type 1,Tumor,digits,,,,4594,2,NAACCR12,"A,M,C"
pathReportType2,7481,Path Report Type 2,Tumor,digits,,,,4700,2,NAACCR12,"A,M,C"
pathReportType3,7482,Path Report Type 3,Tumor,digits,,,,4806,2,NAACCR12,"A,M,C"
pathReportType4,7483,Path Report Type 4,Tumor,digits,,,,4912,2,NAACCR12,"A,M,C"
pathReportType5,7484,Path Report Type 5,Tumor,digits,,,,5018,2,NAACCR12,"A,M,C"
patientIdNumber,20,Patient ID Number,Patient,integer,leftZero,,,42,8,NAACCR51,"A,M,C,I"
patientSystemIdHosp,21,Patient System ID-Hosp,Tumor,integer,,,,50,8,NAACCR11,"A,M,C,I"
pediatricStage,1120,Pediatric Stage,Tumor,digits,,,,976,2,NAACCR51,"A,M,C,I"
pediatricStagedBy,1140,Pediatric Staged By,Tumor,digits,,,,980,1,NAACCR51,"A,M,C,I"
pediatricStagingSystem,1130,Pediatric Staging System,Tumor,digits,,,,978,2,NAACCR51,"A,M,C,I"
physician3,2490,Physician 3,Tumor,integer,leftZero,,,4459,8,NAACCR51,"A,M,C"
physician4,2500,Physician 4,Tumor,integer,leftZero,,,4477,8,NAACCR51,"A,M,C"
physicianFollowUp,2470,Physician--Follow-Up,Tumor,integer,leftZero,,,4423,8,NAACCR51,"A,M,C"
physicianManaging,2460,Physician--Managing,Tumor,integer,leftZero,,,4405,8,NAACCR51,"A,M,C"
physicianPrimarySurg,2480,Physician--Primary Surg,Tumor,digits,,,,4441,8,NAACCR51,"A,M,C"
placeOfDeath,1940,Place of Death,Patient,alpha,,,,2275,3,NAACCR51,"A,M,C,I"
placeOfDeathCountry,1944,Place of Death--Country,Patient,alpha,,,,452,3,NAACCR13,"A,M,C,I"
placeOfDeathState,1942,Place of Death--State,Patient,alpha,,,,450,2,NAACCR13,"A,M,C,I"
primaryPayerAtDx,630,Primary Payer at DX,Tumor,digits,,,,778,2,NAACCR51,"A,M,C,I"
primarySite,400,Primary Site,Tumor,,,,^C[0-9]{2}( |[0-9])$,540,4,NAACCR51,"A,M,C,I"
qualityOfSurvival,1780,Quality of Survival,Tumor,digits,,,,2128,1,NAACCR51,"A,M,C,I"
race1,160,Race 1,Patient,digits,,,,177,2,NAACCR51,"A,M,C,I"
race2,161,Race 2,Patient,digits,,,,179,2,NAACCR8,"A,M,C,I"
race3,162,Race 3,Patient,digits,,,,181,2,NAACCR8,"A,M,C,I"
race4,163,Race 4,Patient,digits,,,,183,2,NAACCR8,"A,M,C,I"
race5,164,Race 5,Patient,digits,,,,185,2,NAACCR8,"A,M,C,I"
raceCodingSysCurrent,170,Race Coding Sys--Current,Patient,digits,,,,187,1,NAACCR51,"A,M,C,I"
raceCodingSysOriginal,180,Race Coding Sys--Original,Patient,digits,,,,188,1,NAACCR51,"A,M,C,I"
raceNapiia,193,Race--NAPIIA(derived API),Patient,digits,,,,419,2,NAACCR113,"A,M,C,I"
radBoostDoseCgy,3210,Rad--Boost Dose cGy,Tumor,text,,,,1611,5,NAACCR10,"A,M,C,I"
radBoostRxModality,3200,Rad--Boost RX Modality,Tumor,digits,,,,1609,2,NAACCR10,"A,M,C,I"
radLocationOfRx,1550,Rad--Location of RX,Tumor,digits,,,,1606,1,NAACCR51,"A,M,C,I"
radNoOfTreatmentVol,1520,Rad--No of Treatment Vol,Tumor,digits,,,,1601,3,NAACCR51,"A,M,C,I"
radRegionalDoseCgy,1510,Rad--Regional Dose: cGy,Tumor,text,,,,1596,5,NAACCR51,"A,M,C,I"
radRegionalRxModality,1570,Rad--Regional RX Modality,Tumor,digits,,,,1607,2,NAACCR51,"A,M,C,I"
radTreatmentVolume,1540,Rad--Treatment Volume,Tumor,digits,,,,1604,2,NAACCR51,"A,M,C,I"
readmSameHosp30Days,3190,Readm Same Hosp 30 Days,Tumor,digits,,,,1619,1,NAACCR10,"A,M,C,I"
reasonForNoRadiation,1430,Reason for No Radiation,Tumor,digits,,,,1592,1,NAACCR51,"A,M,C,I"
reasonForNoSurgery,1340,Reason for No Surgery,Tumor,digits,,,,1576,1,NAACCR51,"A,M,C,I"
recordType,10,Record Type,NaaccrData,,,,^[ICAM]$,1,1,NAACCR51,"A,M,C,I"
recurrenceDate1st,1860,Recurrence Date--1st,Tumor,date,,,,2196,8,NAACCR51,"A,M,C,I"
recurrenceDate1stFlag,1861,Recurrence Date--1st Flag,Tumor,digits,,,,2204,2,NAACCR12,"A,M,C,I"
recurrenceType1st,1880,Recurrence Type--1st,Tumor,digits,,,,2206,2,NAACCR51,"A,M,C,I"
regionalNodesExamined,830,Regional Nodes Examined,Tumor,digits,,,,916,2,NAACCR51,"A,M,C,I"
regionalNodesPositive,820,Regional Nodes Positive,Tumor,digits,,,,914,2,NAACCR51,"A,M,C,I"
registryId,40,Registry ID,NaaccrData,integer,leftZero,,,30,10,NAACCR51,"A,M,C,I"
registryType,30,Registry Type,NaaccrData,digits,,,,2,1,NAACCR51,"A,M,C,I"
reportingFacility,540,Reporting Facility,Tumor,integer,leftZero,,,701,10,NAACCR51,"A,M,C,I"
ruralurbanContinuum1993,3300,RuralUrban Continuum 1993,Tumor,digits,,,,424,2,NAACCR10,"A,M,C,I"
ruralurbanContinuum2003,3310,RuralUrban Continuum 2003,Tumor,digits,,,,426,2,NAACCR10,"A,M,C,I"
rxCodingSystemCurrent,1460,RX Coding System--Current,Tumor,digits,,,,1593,2,NAACCR51,"A,M,C,I"
rxDateBrm,1240,RX Date BRM,Tumor,date,,,,1536,8,NAACCR51,"A,M,C,I"
rxDateBrmFlag,1241,RX Date BRM Flag,Tumor,digits,,,,1544,2,NAACCR12,"A,M,C,I"
rxDateChemo,1220,RX Date Chemo,Tumor,date,,,,1516,8,NAACCR51,"A,M,C,I"
rxDateChemoFlag,1221,RX Date Chemo Flag,Tumor,digits,,,,1524,2,NAACCR12,"A,M,C,I"
rxDateDxStgProc,1280,RX Date DX/Stg Proc,Tumor,date,,,,1556,8,NAACCR51,"A,M,C,I"
rxDateDxStgProcFlag,1281,RX Date DX/Stg Proc Flag,Tumor,digits,,,,1564,2,NAACCR12,"A,M,C,I"
rxDateHormone,1230,RX Date Hormone,Tumor,date,,,,1526,8,NAACCR51,"A,M,C,I"
rxDateHormoneFlag,1231,RX Date Hormone Flag,Tumor,digits,,,,1534,2,NAACCR12,"A,M,C,I"
rxDateMostDefinSurg,3170,RX Date Most Defin Surg,Tumor,date,,,,1466,8,NAACCR10,"A,M,C,I"
rxDateMostDefinSurgFlag,3171,RX Date Most Defin Surg Flag,Tumor,digits,,,,1474,2,NAACCR12,"A,M,C,I"
rxDateOther,1250,RX Date Other,Tumor,date,,,,1546,8,NAACCR51,"A,M,C,I"
rxDateOtherFlag,1251,RX Date Other Flag,Tumor,digits,,,,1554,2,NAACCR12,"A,M,C,I"
rxDateRadiation,1210,RX Date Radiation,Tumor,date,,,,1486,8,NAACCR51,"A,M,C,I"
rxDateRadiationEnded,3220,RX Date Radiation Ended,Tumor,date,,,,1496,8,NAACCR10,"A,M,C,I"
rxDateRadiationEndedFlag,3221,RX Date Radiation Ended Flag,Tumor,digits,,,,1504,2,NAACCR12,"A,M,C,I"
rxDateRadiationFlag,1211,RX Date Radiation Flag,Tumor,digits,,,,1494,2,NAACCR12,"A,M,C,I"
rxDateSurgery,1200,RX Date Surgery,Tumor,date,,,,1456,8,NAACCR51,"A,M,C,I"
rxDateSurgeryFlag,1201,RX Date Surgery Flag,Tumor,digits,,,,1464,2,NAACCR12,"A,M,C,I"
rxDateSurgicalDisch,3180,RX Date Surgical Disch,Tumor,date,,,,1476,8,NAACCR10,"A,M,C,I"
rxDateSurgicalDischFlag,3181,RX Date Surgical Disch Flag,Tumor,digits,,,,1484,2,NAACCR12,"A,M,C,I"
rxDateSystemic,3230,RX Date Systemic,Tumor,date,,,,1506,8,NAACCR10,"A,M,C,I"
rxDateSystemicFlag,3231,RX Date Systemic Flag,Tumor,digits,,,,1514,2,NAACCR12,"A,M,C,I"
rxHospBrm,720,RX Hosp--BRM,Tumor,digits,,,,794,2,NAACCR51,"A,M,C,I"
rxHospChemo,700,RX Hosp--Chemo,Tumor,digits,,,,790,2,NAACCR51,"A,M,C,I"
rxHospDxStgProc,740,RX Hosp--DX/Stg Proc,Tumor,digits,,,,797,2,NAACCR51,"A,M,C,I"
rxHospHormone,710,RX Hosp--Hormone,Tumor,digits,,,,792,2,NAACCR51,"A,M,C,I"
rxHospOther,730,RX Hosp--Other,Tumor,digits,,,,796,1,NAACCR51,"A,M,C,I"
rxHospPalliativeProc,3280,RX Hosp--Palliative Proc,Tumor,digits,,,,799,1,NAACCR10,"A,M,C,I"
rxHospRadiation,690,RX Hosp--Radiation,Tumor,digits,,,,789,1,NAACCR51,"A,M,C,I"
rxHospRegLnRemoved,676,RX Hosp--Reg LN Removed,Tumor,digits,,,,786,2,NAACCR51,"A,M,C,I"
rxHospScopeReg9802,747,RX Hosp--Scope Reg 98-02,Tumor,digits,,,,802,1,NAACCR 2003,"A,M,C,I"
rxHospScopeRegLnSur,672,RX Hosp--Scope Reg LN Sur,Tumor,digits,,,,784,1,NAACCR51,"A,M,C,I"
rxHospSurgApp2010,668,RX Hosp--Surg App 2010,Tumor,digits,,,,781,1,NAACCR12,"A,M,C,I"
rxHospSurgOth9802,748,RX Hosp--Surg Oth 98-02,Tumor,digits,,,,803,1,NAACCR 2003,"A,M,C,I"
rxHospSurgOthRegDis,674,RX Hosp--Surg Oth Reg/Dis,Tumor,digits,,,,785,1,NAACCR51,"A,M,C,I"
rxHospSurgPrimSite,670,RX Hosp--Surg Prim Site,Tumor,digits,,,,782,2,NAACCR51,"A,M,C,I"
rxHospSurgSite9802,746,RX Hosp--Surg Site 98-02,Tumor,digits,,,,800,2,NAACCR 2003,"A,M,C,I"
rxSummBrm,1410,RX Summ--BRM,Tumor,digits,,,,1589,2,NAACCR51,"A,M,C,I"
rxSummChemo,1390,RX Summ--Chemo,Tumor,digits,,,,1585,2,NAACCR51,"A,M,C,I"
rxSummDxStgProc,1350,RX Summ--DX/Stg Proc,Tumor,digits,,,,1577,2,NAACCR51,"A,M,C,I"
rxSummHormone,1400,RX Summ--Hormone,Tumor,digits,,,,1587,2,NAACCR51,"A,M,C,I"
rxSummOther,1420,RX Summ--Other,Tumor,digits,,,,1591,1,NAACCR51,"A,M,C,I"
rxSummPalliativeProc,3270,RX Summ--Palliative Proc,Tumor,digits,,,,1579,1,NAACCR10,"A,M,C,I"
rxSummRadiation,1360,RX Summ--Radiation,Tumor,digits,,,,1580,1,NAACCR51,"A,M,C,I"
rxSummRadToCns,1370,RX Summ--Rad to CNS,Tumor,digits,,,,1581,1,NAACCR51,"A,M,C,I"
rxSummReconstruct1st,1330,RX Summ--Reconstruct 1st,Tumor,digits,,,,1575,1,NAACCR51,"A,M,C,I"
rxSummRegLnExamined,1296,RX Summ--Reg LN Examined,Tumor,digits,,,,1571,2,NAACCR51,"A,M,C,I"
rxSummScopeReg9802,1647,RX Summ--Scope Reg 98-02,Tumor,digits,,,,1622,1,NAACCR 2003,"A,M,C,I"
rxSummScopeRegLnSur,1292,RX Summ--Scope Reg LN Sur,Tumor,digits,,,,1569,1,NAACCR51,"A,M,C,I"
rxSummSurgeryType,1640,RX Summ--Surgery Type,Tumor,digits,,,,1617,2,NAACCR51,"A,M,C,I"
rxSummSurgicalApproch,1310,RX Summ--Surgical Approch,Tumor,digits,,,,1573,1,NAACCR51,"A,M,C,I"
rxSummSurgicalMargins,1320,RX Summ--Surgical Margins,Tumor,digits,,,,1574,1,NAACCR51,"A,M,C,I"
rxSummSurgOth9802,1648,RX Summ--Surg Oth 98-02,Tumor,digits,,,,1623,1,NAACCR 2003,"A,M,C,I"
rxSummSurgOthRegDis,1294,RX Summ--Surg Oth Reg/Dis,Tumor,digits,,,,1570,1,NAACCR51,"A,M,C,I"
rxSummSurgPrimSite,1290,RX Summ--Surg Prim Site,Tumor,digits,,,,1567,2,NAACCR51,"A,M,C,I"
rxSummSurgRadSeq,1380,RX Summ--Surg/Rad Seq,Tumor,digits,,,,1582,1,NAACCR51,"A,M,C,I"
rxSummSurgSite9802,1646,RX Summ--Surg Site 98-02,Tumor,digits,,,,1620,2,NAACCR 2003,"A,M,C,I"
rxSummSystemicSurSeq,1639,RX Summ--Systemic/Sur Seq,Tumor,digits,,,,1616,1,NAACCR11,"A,M,C,I"
rxSummTransplntEndocr,3250,RX Summ--Transplnt/Endocr,Tumor,digits,,,,1583,2,NAACCR10,"A,M,C,I"
rxSummTreatmentStatus,1285,RX Summ--Treatment Status,Tumor,digits,,,,1566,1,NAACCR12,"A,M,C,I"
rxTextBrm,2660,RX Text--BRM,Tumor,text,,,,17765,1000,NAACCR51,"A,M"
rxTextChemo,2640,RX Text--Chemo,Tumor,text,,,,15765,1000,NAACCR51,"A,M"
rxTextHormone,2650,RX Text--Hormone,Tumor,text,,,,16765,1000,NAACCR51,"A,M"
rxTextOther,2670,RX Text--Other,Tumor,text,,,,18765,1000,NAACCR51,"A,M"
rxTextRadiation,2620,RX Text--Radiation (Beam),Tumor,text,,,,13765,1000,NAACCR51,"A,M"
rxTextRadiationOther,2630,RX Text--Radiation Other,Tumor,text,,,,14765,1000,NAACCR51,"A,M"
rxTextSurgery,2610,RX Text--Surgery,Tumor,text,,,,12765,1000,NAACCR51,"A,M"
secondaryDiagnosis1,3780,Secondary Diagnosis 1,Tumor,mixed,,,,1236,7,NAACCR13,"A,M,C,I"
secondaryDiagnosis10,3798,Secondary Diagnosis 10,Tumor,mixed,,,,1299,7,NAACCR13,"A,M,C,I"
secondaryDiagnosis2,3782,Secondary Diagnosis 2,Tumor,mixed,,,,1243,7,NAACCR13,"A,M,C,I"
secondaryDiagnosis3,3784,Secondary Diagnosis 3,Tumor,mixed,,,,1250,7,NAACCR13,"A,M,C,I"
secondaryDiagnosis4,3786,Secondary Diagnosis 4,Tumor,mixed,,,,1257,7,NAACCR13,"A,M,C,I"
secondaryDiagnosis5,3788,Secondary Diagnosis 5,Tumor,mixed,,,,1264,7,NAACCR13,"A,M,C,I"
secondaryDiagnosis6,3790,Secondary Diagnosis 6,Tumor,mixed,,,,1271,7,NAACCR13,"A,M,C,I"
secondaryDiagnosis7,3792,Secondary Diagnosis 7,Tumor,mixed,,,,1278,7,NAACCR13,"A,M,C,I"
secondaryDiagnosis8,3794,Secondary Diagnosis 8,Tumor,mixed,,,,1285,7,NAACCR13,"A,M,C,I"
secondaryDiagnosis9,3796,Secondary Diagnosis 9,Tumor,mixed,,,,1292,7,NAACCR13,"A,M,C,I"
seerCodingSysCurrent,2120,SEER Coding Sys--Current,Tumor,digits,,,,1930,1,NAACCR51,"A,M,C,I"
seerCodingSysOriginal,2130,SEER Coding Sys--Original,Tumor,digits,,,,1931,1,NAACCR51,"A,M,C,I"
seerRecordNumber,2190,SEER Record Number,Tumor,integer,,,,1947,2,NAACCR51,"A,M,C,I"
seerSiteSpecificFact1,3700,SEER Site-Specific Fact 1,Tumor,digits,,,,1179,1,NAACCR12,"A,M,C,I"
seerSiteSpecificFact2,3702,SEER Site-Specific Fact 2,Tumor,digits,,,,1180,1,NAACCR12,"A,M,C,I"
seerSiteSpecificFact3,3704,SEER Site-Specific Fact 3,Tumor,digits,,,,1181,1,NAACCR12,"A,M,C,I"
seerSiteSpecificFact4,3706,SEER Site-Specific Fact 4,Tumor,digits,,,,1182,1,NAACCR12,"A,M,C,I"
seerSiteSpecificFact5,3708,SEER Site-Specific Fact 5,Tumor,digits,,,,1183,1,NAACCR12,"A,M,C,I"
seerSiteSpecificFact6,3710,SEER Site-Specific Fact 6,Tumor,digits,,,,1184,1,NAACCR12,"A,M,C,I"
seerSummaryStage1977,760,SEER Summary Stage 1977,Tumor,digits,,,,905,1,NAACCR51,"A,M,C,I"
seerSummaryStage2000,759,SEER Summary Stage 2000,Tumor,digits,,,,904,1,NAACCR9,"A,M,C,I"
seerTypeOfFollowUp,2180,SEER Type of Follow-Up,Tumor,digits,,,,1946,1,NAACCR51,"A,M,C,I"
sequenceNumberCentral,380,Sequence Number--Central,Tumor,digits,,,,528,2,NAACCR51,"A,M,C,I"
sequenceNumberHospital,560,Sequence Number--Hospital,Tumor,digits,,,,740,2,NAACCR51,"A,M,C,I"
sex,220,Sex,Patient,digits,,,,192,1,NAACCR51,"A,M,C,I"
siteCodingSysCurrent,450,Site Coding Sys--Current,Tumor,digits,,,,558,1,NAACCR51,"A,M,C,I"
siteCodingSysOriginal,460,Site Coding Sys--Original,Tumor,digits,,,,559,1,NAACCR51,"A,M,C,I"
siteIcdO1,1960,Site (73-91) ICD-O-1,Tumor,digits,,,,1909,4,NAACCR51,"A,M,C,I"
socialSecurityNumber,2320,Social Security Number,Patient,digits,,,,3619,9,NAACCR51,"A,M,C"
spanishHispanicOrigin,190,Spanish/Hispanic Origin,Patient,digits,,,,189,1,NAACCR51,"A,M,C,I"
subsqRx2ndCourseBrm,1675,Subsq RX 2nd Course BRM,Tumor,digits,,,,1743,1,NAACCR51,"A,M,C,I"
subsqRx2ndCourseChemo,1673,Subsq RX 2nd Course Chemo,Tumor,digits,,,,1741,1,NAACCR51,"A,M,C,I"
subsqRx2ndCourseDate,1660,Subsq RX 2nd Course Date,Tumor,date,,,,1724,8,NAACCR51,"A,M,C,I"
subsqRx2ndCourseHorm,1674,Subsq RX 2nd Course Horm,Tumor,digits,,,,1742,1,NAACCR51,"A,M,C,I"
subsqRx2ndCourseOth,1676,Subsq RX 2nd Course Oth,Tumor,digits,,,,1744,1,NAACCR51,"A,M,C,I"
subsqRx2ndCourseRad,1672,Subsq RX 2nd Course Rad,Tumor,digits,,,,1740,1,NAACCR51,"A,M,C,I"
subsqRx2ndCourseSurg,1671,Subsq RX 2nd Course Surg,Tumor,digits,,,,1734,2,NAACCR51,"A,M,C,I"
subsqRx2ndcrsDateFlag,1661,Subsq RX 2ndCrs Date Flag,Tumor,digits,,,,1732,2,NAACCR12,"A,M,C,I"
subsqRx2ndRegLnRem,1679,Subsq RX 2nd--Reg LN Rem,Tumor,digits,,,,1738,2,NAACCR51,"A,M,C,I"
subsqRx2ndScopeLnSu,1677,Subsq RX 2nd--Scope LN SU,Tumor,digits,,,,1736,1,NAACCR51,"A,M,C,I"
subsqRx2ndSurgOth,1678,Subsq RX 2nd--Surg Oth,Tumor,digits,,,,1737,1,NAACCR51,"A,M,C,I"
subsqRx3rdCourseBrm,1695,Subsq RX 3rd Course BRM,Tumor,digits,,,,1764,1,NAACCR51,"A,M,C,I"
subsqRx3rdCourseChemo,1693,Subsq RX 3rd Course Chemo,Tumor,digits,,,,1762,1,NAACCR51,"A,M,C,I"
subsqRx3rdCourseDate,1680,Subsq RX 3rd Course Date,Tumor,date,,,,1745,8,NAACCR51,"A,M,C,I"
subsqRx3rdCourseHorm,1694,Subsq RX 3rd Course Horm,Tumor,digits,,,,1763,1,NAACCR51,"A,M,C,I"
subsqRx3rdCourseOth,1696,Subsq RX 3rd Course Oth,Tumor,digits,,,,1765,1,NAACCR51,"A,M,C,I"
subsqRx3rdCourseRad,1692,Subsq RX 3rd Course Rad,Tumor,digits,,,,1761,1,NAACCR51,"A,M,C,I"
subsqRx3rdCourseSurg,1691,Subsq RX 3rd Course Surg,Tumor,digits,,,,1755,2,NAACCR51,"A,M,C,I"
subsqRx3rdcrsDateFlag,1681,Subsq RX 3rdCrs Date Flag,Tumor,digits,,,,1753,2,NAACCR12,"A,M,C,I"
subsqRx3rdRegLnRem,1699,Subsq RX 3rd--Reg LN Rem,Tumor,digits,,,,1759,2,NAACCR51,"A,M,C,I"
subsqRx3rdScopeLnSu,1697,Subsq RX 3rd--Scope LN Su,Tumor,digits,,,,1757,1,NAACCR51,"A,M,C,I"
subsqRx3rdSurgOth,1698,Subsq RX 3rd--Surg Oth,Tumor,digits,,,,1758,1,NAACCR51,"A,M,C,I"
subsqRx4thCourseBrm,1715,Subsq RX 4th Course BRM,Tumor,digits,,,,1785,1,NAACCR51,"A,M,C,I"
subsqRx4thCourseChemo,1713,Subsq RX 4th Course Chemo,Tumor,digits,,,,1783,1,NAACCR51,"A,M,C,I"
subsqRx4thCourseDate,1700,Subsq RX 4th Course Date,Tumor,date,,,,1766,8,NAACCR51,"A,M,C,I"
subsqRx4thCourseHorm,1714,Subsq RX 4th Course Horm,Tumor,digits,,,,1784,1,NAACCR51,"A,M,C,I"
subsqRx4thCourseOth,1716,Subsq RX 4th Course Oth,Tumor,digits,,,,1786,1,NAACCR51,"A,M,C,I"
subsqRx4thCourseRad,1712,Subsq RX 4th Course Rad,Tumor,digits,,,,1782,1,NAACCR51,"A,M,C,I"
subsqRx4thCourseSurg,1711,Subsq RX 4th Course Surg,Tumor,digits,,,,1776,2,NAACCR51,"A,M,C,I"
subsqRx4thcrsDateFlag,1701,Subsq RX 4thCrs Date Flag,Tumor,digits,,,,1774,2,NAACCR12,"A,M,C,I"
subsqRx4thRegLnRem,1719,Subsq RX 4th--Reg LN Rem,Tumor,digits,,,,1780,2,NAACCR51,"A,M,C,I"
subsqRx4thScopeLnSu,1717,Subsq RX 4th--Scope LN Su,Tumor,digits,,,,1778,1,NAACCR51,"A,M,C,I"
subsqRx4thSurgOth,1718,Subsq RX 4th--Surg Oth,Tumor,digits,,,,1779,1,NAACCR51,"A,M,C,I"
subsqRxReconstructDel,1741,Subsq RX--Reconstruct Del,Tumor,digits,,,,1787,1,NAACCR51,"A,M,C,I"
survDateActiveFollowup,1782,Surv-Date Active Followup,Tumor,date,,,,2292,8,NAACCRV15,"A,M,C,I"
survDatePresumedAlive,1785,Surv-Date Presumed Alive,Tumor,date,,,,2305,8,NAACCRV15,"A,M,C,I"
survFlagActiveFollowup,1783,Surv-Flag Active Followup,Tumor,digits,,,,2300,1,NAACCRV15,"A,M,C,I"
survFlagPresumedAlive,1786,Surv-Flag Presumed Alive,Tumor,digits,,,,2313,1,NAACCRV15,"A,M,C,I"
survMosActiveFollowup,1784,Surv-Mos Active Followup,Tumor,integer,,,,2301,4,NAACCRV15,"A,M,C,I"
survMosPresumedAlive,1787,Surv-Mos Presumed Alive,Tumor,integer,,,,2314,4,NAACCRV15,"A,M,C,I"
telephone,2360,Telephone,Patient,text,,,,3868,10,NAACCR51,"A,M,C"
textDxProcLabTests,2550,Text--DX Proc--Lab Tests,Tumor,text,,,,8565,1000,NAACCR51,"A,M"
textDxProcOp,2560,Text--DX Proc--Op,Tumor,text,,,,9565,1000,NAACCR51,"A,M"
textDxProcPath,2570,Text--DX Proc--Path,Tumor,text,,,,10565,1000,NAACCR51,"A,M"
textDxProcPe,2520,Text--DX Proc--PE,Tumor,text,,,,5565,1000,NAACCR51,"A,M"
textDxProcScopes,2540,Text--DX Proc--Scopes,Tumor,text,,,,7565,1000,NAACCR51,"A,M"
textDxProcXRayScan,2530,Text--DX Proc--X-ray/Scan,Tumor,text,,,,6565,1000,NAACCR51,"A,M"
textHistologyTitle,2590,Text--Histology Title,Tumor,text,,,,11665,100,NAACCR51,"A,M"
textPlaceOfDiagnosis,2690,Text--Place of Diagnosis,Tumor,text,,,,20765,60,NAACCR51,"A,M"
textPrimarySiteTitle,2580,Text--Primary Site Title,Tumor,text,,,,11565,100,NAACCR51,"A,M"
textRemarks,2680,Text--Remarks,Tumor,text,,,,19765,1000,NAACCR51,"A,M"
textStaging,2600,Text--Staging,Tumor,text,,,,11765,1000,NAACCR51,"A,M"
textUsualIndustry,320,Text--Usual Industry,Tumor,text,,,,317,100,NAACCR51,"A,M,C,I"
textUsualOccupation,310,Text--Usual Occupation,Tumor,text,,,,217,100,NAACCR51,"A,M,C,I"
tnmClinDescriptor,980,TNM Clin Descriptor,Tumor,digits,,,,974,1,NAACCR51,"A,M,C,I"
tnmClinM,960,TNM Clin M,Tumor,digits,,,,966,4,NAACCR51,"A,M,C,I"
tnmClinN,950,TNM Clin N,Tumor,digits,,,,962,4,NAACCR51,"A,M,C,I"
tnmClinStagedBy,990,TNM Clin Staged By,Tumor,digits,,,,975,1,NAACCR51,"A,M,C,I"
tnmClinStageGroup,970,TNM Clin Stage Group,Tumor,digits,,,,970,4,NAACCR51,"A,M,C,I"
tnmClinT,940,TNM Clin T,Tumor,digits,,,,958,4,NAACCR51,"A,M,C,I"
tnmEditionNumber,1060,TNM Edition Number,Tumor,digits,,,,938,2,NAACCR51,"A,M,C,I"
tnmPathDescriptor,920,TNM Path Descriptor,Tumor,digits,,,,956,1,NAACCR51,"A,M,C,I"
tnmPathM,900,TNM Path M,Tumor,digits,,,,948,4,NAACCR51,"A,M,C,I"
tnmPathN,890,TNM Path N,Tumor,digits,,,,944,4,NAACCR51,"A,M,C,I"
tnmPathStagedBy,930,TNM Path Staged By,Tumor,digits,,,,957,1,NAACCR51,"A,M,C,I"
tnmPathStageGroup,910,TNM Path Stage Group,Tumor,digits,,,,952,4,NAACCR51,"A,M,C,I"
tnmPathT,880,TNM Path T,Tumor,digits,,,,940,4,NAACCR51,"A,M,C,I"
tumorMarker1,1150,Tumor Marker 1,Tumor,digits,,,,981,1,NAACCR51,"A,M,C,I"
tumorMarker2,1160,Tumor Marker 2,Tumor,digits,,,,982,1,NAACCR51,"A,M,C,I"
tumorMarker3,1170,Tumor Marker 3,Tumor,digits,,,,983,1,NAACCR51,"A,M,C,I"
tumorRecordNumber,60,Tumor Record Number,Tumor,integer,leftZero,,,40,2,NAACCR51,"A,M,C,I"
typeOfReportingSource,500,Type of Reporting Source,Tumor,digits,,,,563,1,NAACCR51,"A,M,C,I"
unusualFollowUpMethod,1850,Unusual Follow-Up Method,Tumor,digits,,,,2290,2,NAACCR51,"A,M,C,I"
urvDateDxRecode,1788,urv-Date DX Recode,Tumor,date,,,,2318,8,NAACCRV15,"A,M,C,I"
vendorName,2170,Vendor Name,Tumor,text,,,,1936,10,NAACCR51,"A,M,C,I"
vitalStatus,1760,Vital Status,Patient,digits,,,,2126,1,NAACCR51,"A,M,C,I"
